No,feedback,aspect,anger,anticipation,disgust,fear,joy,sadness,surprise,trust,sentiment,feed_no_emo,_emo,n_emo
1,good,4,0,0,0,0,1,0,0,0,1,good,[],0
2,讲得非常好，从浅入深 👍,4,0,0,0,0,1,0,0,1,1,讲得非常好，从浅入深,['👍'],1
3,很喜欢这个课程，有理论有实践，完全适合第一次接触机器学习的人 🤩,4,0,0,0,0,1,0,0,1,1,很喜欢这个课程，有理论有实践，完全适合第一次接触机器学习的人,['🤩'],1
4,完全超出预期 😲,4,0,0,0,0,1,0,1,0,1,完全超出预期,['😲'],1
5,我觉得不错 🙂,4,0,0,0,0,1,0,0,0,1,我觉得不错,['🙂'],1
6,课程难度适中，实用性强 💪,4,0,0,0,0,1,0,0,1,1,课程难度适中，实用性强,['💪'],1
7,"Yes, it is a very detailed lectures with a good combination of the theory and the implementation on the apps",4,0,0,0,0,1,0,0,1,1,"Yes, it is a very detailed lectures with a good combination of the theory and the implementation on the apps",[],0
8,非常适合初学者入门 👍,4,0,1,0,0,1,0,0,1,1,非常适合初学者入门,['👍'],1
9,刚刚刷完了这门课，作为机器学习的入门，内容很全面，Python和R各用一遍，可谓干货满满，讲解多数情况下清晰易懂，上完了能对整个机器学习有个清楚地了解，加上是在原版基础上全中文重新制作 (而非) 🤓,4,0,1,0,0,1,0,0,1,1,刚刚刷完了这门课，作为机器学习的入门，内容很全面，Python和R各用一遍，可谓干货满满，讲解多数情况下清晰易懂，上完了能对整个机器学习有个清楚地了解，加上是在原版基础上全中文重新制作 (而非),['🤓'],1
10,非常适合，即使编程基础欠缺或者根本没有也可轻松上手！点燃了我的学习热情！此外，推荐先看看统计学教材 😄,4,0,1,0,0,1,0,0,1,1,非常适合，即使编程基础欠缺或者根本没有也可轻松上手！点燃了我的学习热情！此外，推荐先看看统计学教材,['😄'],1
11,我原先看过中国人民大学出版社的《统计学》，很有裨益！🙂,4,0,0,0,0,0,0,0,1,1,我原先看过中国人民大学出版社的《统计学》，很有裨益！,['🙂'],1
12,非常棒的課程！深入簡出，數學基礎沒有很好的我，一樣能透過講師許多「直覺課程」的解釋，瞭解機器學習的奧妙 😊,4,0,0,0,0,1,0,1,1,1,非常棒的課程！深入簡出，數學基礎沒有很好的我，一樣能透過講師許多「直覺課程」的解釋，瞭解機器學習的奧妙,['😊'],1
13,非常推薦想深入機器學習的朋友選讀這門課程 🙌,4,0,0,0,0,1,0,0,1,1,非常推薦想深入機器學習的朋友選讀這門課程,['🙌'],1
14,唯一小小的缺點，就是講解程式碼時，螢幕截圖沒有把程式碼的部分 Zoom In 字 😕,0,0,0,0,0,0,1,0,0,0,唯一小小的缺點，就是講解程式碼時，螢幕截圖沒有把程式碼的部分 Zoom In 字,['😕'],1
15,這是我聽過最精彩的machine learning課程 🤩,4,0,0,0,0,1,0,1,0,1,這是我聽過最精彩的machine learning課程,['🤩'],1
16,沒有之一 🤩,4,0,0,0,0,1,0,1,1,0,沒有之一,['🤩'],1
17,老師講課切中要點 👌,4,0,0,0,0,0,0,0,1,1,老師講課切中要點,['👌'],1
18,直白明瞭 🙂,4,0,0,0,0,0,0,0,1,1,直白明瞭,['🙂'],1
19,對於了解以及整合整個machine learning架構有清楚的了解 😊,4,0,0,0,0,1,0,0,1,1,對於了解以及整合整個machine learning架構有清楚的了解,['😊'],1
20,希望亦文跟小秦可以多多開這些課程 🙏,4,0,1,0,0,0,0,0,1,1,希望亦文跟小秦可以多多開這些課程,['🙏'],1
21,十分感謝喔 🙂,4,0,0,0,0,1,0,0,0,1,十分感謝喔,['🙂'],1
22,should focus more on Math theory,2,0,1,0,0,0,0,0,0,0,should focus more on Math theory,[],0
23,the recommended documents are good,4,0,0,0,0,1,0,0,1,1,the recommended documents are good,[],0
24,一开始以为就是另外一个英语课程的直接翻译，还有点失望自己付了双倍的钱，但是今天觉得课程非常清晰，目前为止非常满意 🙂,4,0,0,0,0,1,1,0,1,1,一开始以为就是另外一个英语课程的直接翻译，还有点失望自己付了双倍的钱，但是今天觉得课程非常清晰，目前为止非常满意,['🙂'],1
25,目前学到置信区间上界，这个对我这个菜鸟来说有一定的难度，但是每天2小时的学习，我很喜欢这两个老师 😅,4,0,1,0,0,1,0,0,1,1,目前学到置信区间上界，这个对我这个菜鸟来说有一定的难度，但是每天2小时的学习，我很喜欢这两个老师,['😅'],1
26,"很不錯的課程，如果你很對數學基礎不強但程式邏輯不錯，這是一門讓你容易入手機器學習的課程 !! 如果你是想學 Machine Learning ,但還沒開始就被數學弄得很挫折，這門課會讓你耳目一新! 😄",4,0,0,0,0,1,0,0,1,1,"很不錯的課程，如果你很對數學基礎不強但程式邏輯不錯，這是一門讓你容易入手機器學習的課程 !! 如果你是想學 Machine Learning ,但還沒開始就被數學弄得很挫折，這門課會讓你耳目一新!",['😄'],1
27,課程涵蓋多種統計分析方法，適合至少有學過統計導論的人 👍,4,0,0,0,0,0,0,0,1,1,課程涵蓋多種統計分析方法，適合至少有學過統計導論的人,['👍'],1
28,除了R Coding，也會講解分析方法大致上的概念精神，不用怕數學方面聽不懂 🤲,4,0,0,0,0,1,0,0,1,1,除了R Coding，也會講解分析方法大致上的概念精神，不用怕數學方面聽不懂,['🤲'],1
29,對於想入門 Ｒ的統計分析方法 是一個很棒的敲門磚！👏,4,0,0,0,0,1,0,0,1,1,對於想入門 Ｒ的統計分析方法 是一個很棒的敲門磚！,['👏'],1
30,"Thanks for the course, very friendly for Beginners",4,0,0,0,0,1,0,0,1,1,"Thanks for the course, very friendly for Beginners",[],0
31,深入浅出，非常适合机器学习入门，感谢两位讲师和各位答疑老师！希望能有另一套视频，讲解更多更细的算法 🙏,4,0,1,0,0,1,0,0,1,1,深入浅出，非常适合机器学习入门，感谢两位讲师和各位答疑老师！希望能有另一套视频，讲解更多更细的算法,['🙏'],1
32,"excellent class, very informative",4,0,0,0,0,1,0,0,1,1,"excellent class, very informative",[],0
33,太棒了！这是我目前为止上过的最好的机器学习课程，我相信这门课程的内容对我参加机器学习竞赛会起到很大的作用 😄,4,0,0,0,0,1,0,0,1,1,太棒了！这是我目前为止上过的最好的机器学习课程，我相信这门课程的内容对我参加机器学习竞赛会起到很大的作用,['😄'],1
34,目前只上了前半段 🙂,4,0,1,0,0,0,0,0,0,2,目前只上了前半段,['🙂'],1
35,學習起來很輕鬆 提供很多實用的template 👍,4,0,0,0,0,1,0,0,1,1,學習起來很輕鬆 提供很多實用的template,['👍'],1
36,能翻譯成中文真的很棒 🙂,4,0,0,0,0,1,0,1,0,1,能翻譯成中文真的很棒,['🙂'],1
37,謝謝了 🙏,4,0,0,0,0,1,0,0,0,1,謝謝了,['🙏'],1
38,深入浅出，很适合我这种初学者，希望以后难的部分也能讲解的这么详细 😊,4,0,1,0,0,1,0,0,1,1,深入浅出，很适合我这种初学者，希望以后难的部分也能讲解的这么详细,['😊'],1
39,非常棒的機器學習教程 😃,4,0,0,0,0,1,0,0,1,1,非常棒的機器學習教程,['😃'],1
40,觀念說明的部分簡單易懂，接著又透過依序展演程式帶著觀眾實際操作 👏,4,0,0,0,0,1,0,0,1,1,觀念說明的部分簡單易懂，接著又透過依序展演程式帶著觀眾實際操作,['👏'],1
41,收穫很多！ 😁,4,0,0,0,0,1,0,0,1,1,收穫很多！,['😁'],1
42,"Perfect, now I know the basic knowledge of Machine Learning",4,0,0,0,0,1,0,0,1,1,"Perfect, now I know the basic knowledge of Machine Learning",[],0
43,老師很棒!終身受用! 👏,4,0,0,0,0,1,0,0,1,1,老師很棒!終身受用!,['👏'],1
44,I learned a lot from this class!,4,0,0,0,0,1,0,0,1,1,I learned a lot from this class!,[],0
45,"演算法原理和python,R套件的教學精要易懂 👍",4,0,0,0,0,1,0,0,1,1,"演算法原理和python,R套件的教學精要易懂",['👍'],1
46,"希望有更豐富的實戰教學(圖像辨識,自然語言 🙏",4,0,1,0,0,0,0,0,0,1,"希望有更豐富的實戰教學(圖像辨識,自然語言",['🙏'],1
47,从零开始学习机器学习，但是有一些统计学基础 🙂,4,0,0,0,0,1,0,0,0,1,从零开始学习机器学习，但是有一些统计学基础,['🙂'],1
48,机器学习让我对数据处理和统计有新的认识，R语言对以后的工作也会有很大的价值 😊,4,0,1,0,0,1,0,0,1,1,机器学习让我对数据处理和统计有新的认识，R语言对以后的工作也会有很大的价值,['😊'],1
49,才学习到多元线性回归，目前为止，都能很好地理解，并跟上课程中的训练，希望后面更艰深的内容也能克服，并掌握 🤞,4,0,1,0,0,1,0,0,1,1,才学习到多元线性回归，目前为止，都能很好地理解，并跟上课程中的训练，希望后面更艰深的内容也能克服，并掌握,['🤞'],1
50,課程內容說明簡單易懂，適合學習！ 😄,4,0,0,0,0,1,0,0,1,1,課程內容說明簡單易懂，適合學習！,['😄'],1
51,作为入门级的机器学习资料，讲得浅显易懂 🙂,4,0,0,0,0,1,0,0,1,1,作为入门级的机器学习资料，讲得浅显易懂,['🙂'],1
52,可惜极端梯度上升没有讲到希望以后会更新！😕,4,0,1,0,0,0,1,0,0,0,可惜极端梯度上升没有讲到希望以后会更新！,['😕'],1
53,很實用，補足學校實作課程的不足 👍,4,0,0,0,0,1,0,0,1,1,很實用，補足學校實作課程的不足,['👍'],1
54,我作为一个0基础的初学者刚开始上的时候有一点困难，后来买了kirill的r课程，再回到这里同步学习 😅,4,0,1,0,1,0,1,0,0,2,我作为一个0基础的初学者刚开始上的时候有一点困难，后来买了kirill的r课程，再回到这里同步学习,['😅'],1
55,发现进度就基本跟得上了 😌,4,0,0,0,0,1,0,0,0,1,发现进度就基本跟得上了,['😌'],1
56,教的内容非常实用，差不多看个几节课就能用到日常工作中了 💪,4,0,0,0,0,1,0,0,1,1,教的内容非常实用，差不多看个几节课就能用到日常工作中了,['💪'],1
57,學習到許多商業案例，非常實用 👏,4,0,0,0,0,1,0,0,1,1,學習到許多商業案例，非常實用,['👏'],1
58,老師們講得十分清楚，容易明白 😃,4,0,0,0,0,1,0,0,1,1,老師們講得十分清楚，容易明白,['😃'],1
59,everything is good right now,4,0,0,0,0,1,0,0,0,1,everything is good right now,[],0
60,清楚明瞭的原理介紹，搭配範例程式碼，很快有個實務概念 🙂,4,0,0,0,0,1,0,0,1,1,清楚明瞭的原理介紹，搭配範例程式碼，很快有個實務概念,['🙂'],1
61,真的好详细 深入浅出，弄懂了很多曾经一知半解的东西 😃,4,0,0,0,0,1,0,0,1,1,真的好详细 深入浅出，弄懂了很多曾经一知半解的东西,['😃'],1
62,非常实用的课程，我很喜欢 👍,4,0,0,0,0,1,0,0,1,1,非常实用的课程，我很喜欢,['👍'],1
63,等不及想学后面的内容，希望老师能尽快更新，谢谢 🙏,4,0,1,0,0,1,0,0,1,1,等不及想学后面的内容，希望老师能尽快更新，谢谢,['🙏'],1
64,說明很詳細，包含統計的基本理論以及程式語言的寫法 😊,4,0,0,0,0,0,0,0,1,1,說明很詳細，包含統計的基本理論以及程式語言的寫法,['😊'],1
65,非常推薦 👏,4,0,0,0,0,1,0,0,1,1,非常推薦,['👏'],1
66,另外，跟其他課程比較之後，這個課程當中說明理論觀念的部分，我覺得非常棒 😄,4,0,0,0,0,1,0,0,1,1,另外，跟其他課程比較之後，這個課程當中說明理論觀念的部分，我覺得非常棒,['😄'],1
67,很少可以遇到講得如齒請楚好懂又有深度的課，非常感激！！！！！！！！🤩,4,0,0,0,0,1,0,1,1,1,很少可以遇到講得如齒請楚好懂又有深度的課，非常感激！！！！！！！！,['🤩'],1
68,很有幫助！是入門Machine Learning的好課程 🙌,4,0,0,0,0,1,0,0,1,1,很有幫助！是入門Machine Learning的好課程,['🙌'],1
69,excellent!,4,0,0,0,0,1,0,0,0,1,excellent!,[],0
70,用簡單易懂的方式說明整個演算法的思維! 🙂,4,0,0,0,0,1,0,0,1,1,用簡單易懂的方式說明整個演算法的思維!,['🙂'],1
71,適合新手，會解釋代碼! 👍,4,0,0,0,0,1,0,0,1,1,適合新手，會解釋代碼!,['👍'],1
72,資料完整，講述明白，重點是，講師也都非常耐心地解答問題，非常推薦此課程！ 👏,4,0,0,0,0,1,0,0,1,1,資料完整，講述明白，重點是，講師也都非常耐心地解答問題，非常推薦此課程！,['👏'],1
73,目前均符合需求… 🙂,4,0,0,0,0,1,0,0,1,1,目前均符合需求…,['🙂'],1
74,讲的很清楚 也好理解 😌,4,0,0,0,0,1,0,0,1,1,讲的很清楚 也好理解,['😌'],1
75,很直观，入门的好课程，物超所值 😃,4,0,0,0,0,1,0,0,1,1,很直观，入门的好课程，物超所值,['😃'],1
76,說明得非常詳細，淺顯易懂，非常推薦此課程 😊,4,0,0,0,0,1,0,0,1,1,說明得非常詳細，淺顯易懂，非常推薦此課程,['😊'],1
77,清楚明瞭，如果有更多練習題可以做就更好了🤔,4,0,1,0,0,1,0,0,1,1,清楚明瞭，如果有更多練習題可以做就更好了,['🤔'],1
78,機器學習入門必上課程，也是中文最好課程 🙌,4,0,0,0,0,1,0,0,1,1,機器學習入門必上課程，也是中文最好課程,['🙌'],1
79,清楚、豐富 非常建議 👍,4,0,0,0,0,1,0,0,1,1,清楚、豐富 非常建議,['👍'],1
80,十分适合初学者！😄,4,0,0,0,0,1,0,0,1,1,十分适合初学者！,['😄'],1
81,非常適合 謝謝 🙏,4,0,0,0,0,1,0,0,0,1,非常適合 謝謝,['🙏'],1
82,非常喜欢这个！ 😍,4,0,0,0,0,1,0,0,0,1,非常喜欢这个！,['😍'],1
83,挺不错的 🙂,4,0,0,0,0,1,0,0,0,1,挺不错的,['🙂'],1
84,讲的真是不错 😃,4,0,0,0,0,1,0,0,0,1,讲的真是不错,['😃'],1
85,非常讚的課程 👏,4,0,0,0,0,1,0,0,0,1,非常讚的課程,['👏'],1
86,Nice course to a new ML learner!,4,0,0,0,0,1,0,0,0,1,Nice course to a new ML learner!,[],0
87,很棒的一门课程 😄,4,0,0,0,0,1,0,0,0,1,很棒的一门课程,['😄'],1
88,希望能尽快学习后面的内容 🤲,4,0,1,0,0,0,0,0,0,1,希望能尽快学习后面的内容,['🤲'],1
89,我自己的上課體驗，課程規劃得很好，講師講述的很完整，能夠讓我一步步學到機器學習在實際上該怎麼做 🙂,4,0,0,0,0,1,0,0,1,1,我自己的上課體驗，課程規劃得很好，講師講述的很完整，能夠讓我一步步學到機器學習在實際上該怎麼做,['🙂'],1
90,觀念講解得清晰好懂，如果再去網上找最新coding，就受益很多了 👍,4,0,0,0,0,1,0,0,1,1,觀念講解得清晰好懂，如果再去網上找最新coding，就受益很多了,['👍'],1
91,非常适合～ 😊,4,0,0,0,0,1,0,0,0,1,非常适合～,['😊'],1
92,非常酷 😎,4,0,0,0,0,1,0,0,0,1,非常酷,['😎'],1
93,範例簡單扼要!!! 👏,4,0,0,0,0,1,0,0,0,1,範例簡單扼要!!!,['👏'],1
94,浅显易懂 实操性很强 😃,4,0,0,0,0,1,0,0,1,1,浅显易懂 实操性很强,['😃'],1
95,Good 🙂,4,0,0,0,0,1,0,0,0,0,Good,['🙂'],1
96,很详细啊 😌,4,0,0,0,0,1,0,0,0,1,很详细啊,['😌'],1
97,符合預期 👍,4,0,0,0,0,1,0,0,0,1,符合預期,['👍'],1
98,good!,4,0,0,0,0,1,0,0,0,1,good!,[],0
99,code应该更新啦 🤔,2,0,1,0,0,0,0,0,0,2,code应该更新啦,['🤔'],1
100,讲座由浅入深，通俗易懂 🙂,4,0,0,0,0,1,0,0,1,1,讲座由浅入深，通俗易懂,['🙂'],1
101,Very helpful for my study,4,0,0,0,0,1,0,0,1,1,Very helpful for my study,[],0
102,刚看到多项式回归，感觉内容深入浅出很不错 🙂,4,0,0,0,0,1,0,0,1,1,刚看到多项式回归，感觉内容深入浅出很不错,['🙂'],1
103,还行 😐,4,0,0,0,0,0,0,0,1,2,还行,['😐'],1
104,Clear content for Chinese student,4,0,0,0,0,1,0,0,1,1,Clear content for Chinese student,[],0
105,講得很棒！👏🙂,4,0,0,0,0,1,0,0,1,1,講得很棒！,"['👏', '🙂']",2
106,Very helpful for beginners,4,0,0,0,0,1,0,0,1,1,Very helpful for beginners,[],0
107,非常感谢！内容丰富，讲解细致，清楚！🙂🙏,4,0,0,0,0,1,0,0,1,1,非常感谢！内容丰富，讲解细致，清楚！,"['🙂', '🙏']",2
108,教學節奏快速 🙂,1,0,0,0,0,1,0,0,1,1,教學節奏快速,['🙂'],1
109,講解的很詳細 👍🙂,4,0,0,0,0,1,0,0,1,1,講解的很詳細,"['👍', '🙂']",2
110,简单易懂无压力，非常适合我这种文科无基础 😊👍,4,0,0,0,0,1,0,0,1,1,简单易懂无压力，非常适合我这种文科无基础,"['😊', '👍']",2
111,"Building from the basic knowledge, well explained!",4,0,0,0,0,1,0,0,1,1,"Building from the basic knowledge, well explained!",[],0
112,nice girl's voice,4,0,0,0,0,1,0,0,1,1,nice girl's voice,[],0
113,棒极了，完全超出预期！😄,4,0,0,0,0,1,0,1,1,1,棒极了，完全超出预期！,['😄'],1
114,是的，有R與Python語法，很棒 👍,4,0,0,0,0,1,0,0,1,1,是的，有R與Python語法，很棒,['👍'],1
115,这绝对是我想要的课程，很喜欢！😊,4,0,0,0,0,1,0,0,1,1,这绝对是我想要的课程，很喜欢！,['😊'],1
116,觀念講解精闢，值得推薦 🙌,4,0,0,0,0,1,0,0,1,1,觀念講解精闢，值得推薦,['🙌'],1
117,中文內容解說詳細易懂，口條清楚，期待能完全上完這門課！🙂,4,0,1,0,0,1,0,0,1,1,中文內容解說詳細易懂，口條清楚，期待能完全上完這門課！,['🙂'],1
118,講的內容非常豐富，也非常詳細，在深度學習上的課程內容也很有意思 👍,4,0,0,0,0,1,0,0,1,1,講的內容非常豐富，也非常詳細，在深度學習上的課程內容也很有意思,['👍'],1
119,很好 🙂,4,0,0,0,0,1,0,0,1,1,很好,['🙂'],1
120,非常適合，謝謝老師們 🙏,4,0,0,0,0,1,0,0,1,1,非常適合，謝謝老師們,['🙏'],1
121,"講解清楚, 容易理解 👍",4,0,0,0,0,1,0,0,1,1,"講解清楚, 容易理解",['👍'],1
122,很棒 😄,4,0,0,0,0,1,0,0,1,1,很棒,['😄'],1
123,老师思路清晰明了，讲解通俗易懂 🙂,4,0,0,0,0,1,0,0,1,1,老师思路清晰明了，讲解通俗易懂,['🙂'],1
124,非常適合初學者，且架構鮮明，易懂 😊,4,0,0,0,0,1,0,0,1,1,非常適合初學者，且架構鮮明，易懂,['😊'],1
125,good,4,0,0,0,0,1,0,0,0,0,good,[],0
126,我認為口條及傳達的內容編排都非常優秀 👍,4,0,0,0,0,1,0,0,1,1,我認為口條及傳達的內容編排都非常優秀,['👍'],1
127,应该是挺适合的吧，不过还是希望能加上字幕 🙂,0,0,1,0,0,0,0,0,1,1,应该是挺适合的吧，不过还是希望能加上字幕,['🙂'],1
128,专业跨度太大，有点跟不上节奏了 😅,1,0,0,0,1,0,1,0,0,0,专业跨度太大，有点跟不上节奏了,['😅'],1
129,講解得很棒！簡要，清楚！開心～ 😄,4,0,0,0,0,1,0,0,1,1,講解得很棒！簡要，清楚！開心～,['😄'],1
130,Easy to understand,4,0,0,0,0,1,0,0,1,1,Easy to understand,[],0
131,Practical&can understand,4,0,0,0,0,1,0,0,1,1,Practical&can understand,[],0
132,課程講解簡單易懂,4,0,0,0,0,1,0,0,1,1,課程講解簡單易懂,[],0
133,课程讲解清楚,4,0,0,0,0,1,0,0,1,1,课程讲解清楚,[],0
134,详细，简单，容易理解,4,0,0,0,0,1,0,0,1,1,详细，简单，容易理解,[],0
135,很適合初學者!!!,4,0,0,0,0,1,0,0,1,1,很適合初學者!!!,[],0
136,中文講解清晰,4,0,0,0,0,1,0,0,1,1,中文講解清晰,[],0
137,good,4,0,0,0,0,1,0,0,0,1,good,[],0
138,讚！,4,0,0,0,0,1,0,0,0,1,讚！,[],0
139,課程講述非常優質!,4,0,0,0,0,1,0,0,1,1,課程講述非常優質!,[],0
140,很容易吸收,4,0,0,0,0,1,0,0,1,1,很容易吸收,[],0
141,真的很棒!,4,0,0,0,0,1,0,0,0,1,真的很棒!,[],0
142,教學非常仔細,4,0,0,0,0,0,0,0,1,1,教學非常仔細,[],0
143,Many detailed steps,4,0,0,0,0,0,0,0,1,1,Many detailed steps,[],0
144,通俗易懂,4,0,0,0,0,1,0,0,1,1,通俗易懂,[],0
145,講解的很清楚！,4,0,0,0,0,1,0,0,1,1,講解的很清楚！,[],0
146,講解清晰,4,0,0,0,0,1,0,0,1,1,講解清晰,[],0
147,awesome,4,0,0,0,0,1,0,0,0,1,awesome,[],0
148,讲解清晰易懂，很值得学习，一定坚持下去，希望能与专家有沟通！,4,0,1,0,0,1,0,0,1,1,讲解清晰易懂，很值得学习，一定坚持下去，希望能与专家有沟通！,[],0
149,very specific with details,4,0,0,0,0,0,0,0,1,1,very specific with details,[],0
150,讲解清晰，对于没有基础的人听起来也很清楚,4,0,0,0,0,1,0,0,1,1,讲解清晰，对于没有基础的人听起来也很清楚,[],0
151,非常棒的课程,4,0,0,0,0,1,0,0,1,1,非常棒的课程,[],0
152,讲解清晰流畅，易懂,4,0,0,0,0,1,0,0,1,1,讲解清晰流畅，易懂,[],0
153,有时候有点卡,1,0,0,0,0,0,1,0,0,0,有时候有点卡,[],0
154,期待在大陆网站可以购买到,4,0,1,0,0,0,0,0,0,2,期待在大陆网站可以购买到,[],0
155,适合,4,0,0,0,0,1,0,0,0,1,适合,[],0
156,講話很紮實，沒有廢話，語氣很有力不會無聊,4,0,0,0,0,1,0,0,1,1,講話很紮實，沒有廢話，語氣很有力不會無聊,[],0
157,清晰易懂,4,0,0,0,0,1,0,0,1,1,清晰易懂,[],0
158,翻译棒，连内容都是中文化，很好,4,0,0,0,0,1,0,0,1,1,翻译棒，连内容都是中文化，很好,[],0
159,很喜欢找个课程，能够学到自己想要的东西,4,0,0,0,0,1,0,0,1,1,很喜欢找个课程，能够学到自己想要的东西,[],0
160,淺顯易懂,4,0,0,0,0,1,0,0,1,1,淺顯易懂,[],0
161,容易入門 🙂,4,0,0,0,0,1,0,0,1,1,容易入門,['🙂'],1
162,Very Good,4,0,0,0,0,1,0,0,0,1,Very Good,[],0
163,详细 清晰,4,0,0,0,0,1,0,0,1,1,详细 清晰,[],0
164,清楚,4,0,0,0,0,1,0,0,0,1,清楚,[],0
165,內容由簡而繁 深入淺出,4,0,0,0,0,1,0,0,1,1,內容由簡而繁 深入淺出,[],0
166,yes,4,0,0,0,0,1,0,0,0,1,yes,[],0
167,good work,4,0,0,0,0,1,0,0,0,1,good work,[],0
168,中文好评！,4,0,0,0,0,1,0,0,1,1,中文好评！,[],0
169,不錯，清楚,4,0,0,0,0,1,0,0,0,1,不錯，清楚,[],0
170,good,4,0,0,0,0,1,0,0,0,1,good,[],0
171,Easy to understand!,4,0,0,0,0,1,0,0,1,1,Easy to understand!,[],0
172,內容清晰,4,0,0,0,0,1,0,0,1,1,內容清晰,[],0
173,講解蠻清楚的,4,0,0,0,0,1,0,0,1,1,講解蠻清楚的,[],0
174,适合,4,0,0,0,0,1,0,0,1,1,适合,[],0
175,簡單清晰,4,0,0,0,0,1,0,0,1,1,簡單清晰,[],0
176,很不错,4,0,0,0,0,1,0,0,0,1,很不错,[],0
177,很清晰，节奏感强,4,0,0,0,0,1,0,0,1,1,很清晰，节奏感强,[],0
178,逻辑性强，有收获,4,0,0,0,0,1,0,0,1,1,逻辑性强，有收获,[],0
179,合适,4,0,0,0,0,1,0,0,1,1,合适,[],0
180,因为实用,4,0,0,0,0,1,0,0,1,1,因为实用,[],0
181,说的条理分明,4,0,0,0,0,1,0,0,1,1,说的条理分明,[],0
182,讚讚讚,4,0,0,0,0,1,0,0,1,1,讚讚讚,[],0
183,很好的机器学习由浅入深的教程，值得一看！,4,0,0,0,0,1,0,0,0,1,很好的机器学习由浅入深的教程，值得一看！,[],0
184,很好,4,0,0,0,0,1,0,0,0,1,很好,[],0
185,很好,4,0,0,0,0,1,0,0,0,1,很好,[],0
186,good,4,0,0,0,0,1,0,0,0,1,good,[],0
187,good,4,0,0,0,0,1,0,0,0,1,good,[],0
188,很讚,4,0,0,0,0,1,0,0,0,1,很讚,[],0
189,课程整体来说，非常不错,4,0,0,0,0,1,0,0,1,1,课程整体来说，非常不错,[],0
190,但由于课程上线时间较早，里面有部分库发生了变化，但没有更新代码,2,0,0,0,0,0,1,0,0,0,但由于课程上线时间较早，里面有部分库发生了变化，但没有更新代码,[],0
191,如果课程后续能够更新代码，就更方便了,2,0,1,0,0,0,0,0,1,2,如果课程后续能够更新代码，就更方便了,[],0
192,感謝兩位老師，希望可以更多延伸教材可供字查閱，補足知識,4,0,1,0,0,0,0,0,1,1,感謝兩位老師，希望可以更多延伸教材可供字查閱，補足知識,[],0
193,由浅入深，非常精彩的课程,4,0,0,0,0,1,0,1,1,1,由浅入深，非常精彩的课程,[],0
194,如果对算法和数学推导感兴趣，还需要预定其他课程,4,0,1,0,0,0,0,0,0,1,如果对算法和数学推导感兴趣，还需要预定其他课程,[],0
195,这门课程对于从业者来说可能非常浅薄，但是对于出入人工智能和数据分析的同学来说，可以说是非常适合的一门课程了,4,0,0,0,0,1,0,0,1,1,这门课程对于从业者来说可能非常浅薄，但是对于出入人工智能和数据分析的同学来说，可以说是非常适合的一门课程了,[],0
196,能快速的将你带入人工智能的世界，并且结合实例教学来增加你对人工智能的基础框架的理解，从而为未来的深入研究打下很,4,0,0,0,0,1,0,0,1,1,能快速的将你带入人工智能的世界，并且结合实例教学来增加你对人工智能的基础框架的理解，从而为未来的深入研究打下很,[],0
197,比較少延伸的應用，套件版本較舊，需花時間解決版本問題，沒有過多的理論阻礙學習,2,0,0,0,0,1,1,0,0,0,比較少延伸的應用，套件版本較舊，需花時間解決版本問題，沒有過多的理論阻礙學習,[],0
198,"Great course worth to subscribe, if more examples can be given that would be fantastic",4,0,1,0,0,1,0,0,1,1,"Great course worth to subscribe, if more examples can be given that would be fantastic",[],0
199,解說簡潔易懂，講師對授課重點多次提點，內容範圍包含很多 Machine Learning Topic，對於初學者很受用,4,0,0,0,0,1,0,0,1,1,解說簡潔易懂，講師對授課重點多次提點，內容範圍包含很多 Machine Learning Topic，對於初學者很受用,[],0
200,非常適合入門的課程，對於數學不好的人來說是福音，不過我其實有點想多深入一點數學原理就是，因此給4,4,0,1,0,0,1,0,0,1,1,非常適合入門的課程，對於數學不好的人來說是福音，不過我其實有點想多深入一點數學原理就是，因此給4,[],0
201,5星,4,0,0,0,0,1,0,0,1,1,5星,[],0
202,"good topic, good contents, could be better",4,0,1,0,0,0,0,0,1,1,"good topic, good contents, could be better",[],0
203,每一个算法都给出直觉上的理解，没有深究数学上的推导，给出了Python和R的应用过程,4,0,0,0,0,0,0,0,1,1,每一个算法都给出直觉上的理解，没有深究数学上的推导，给出了Python和R的应用过程,[],0
204,适合初学者，或者之前有接触过机器学习的人进行快速复习,4,0,0,0,0,1,0,0,1,1,适合初学者，或者之前有接触过机器学习的人进行快速复习,[],0
205,这门课程面向的人群是使用“轮子”的人（亥，调包侠），不适合想要有进一步算法理,2,0,0,0,0,0,0,0,0,0,这门课程面向的人群是使用“轮子”的人（亥，调包侠），不适合想要有进一步算法理,[],0
206,希望老師可以教我們如何挑選演算法，例如說什麼情況要用SVM、什麼時候要用隨機森林,2,0,1,0,0,0,0,0,0,1,希望老師可以教我們如何挑選演算法，例如說什麼情況要用SVM、什麼時候要用隨機森林,[],0
207,"She teached clear, which is easy to understand",4,0,0,0,0,1,0,0,1,1,"She teached clear, which is easy to understand",[],0
208,"part of code is not updated, it takes time to search online",2,0,0,0,0,0,1,0,0,0,"part of code is not updated, it takes time to search online",[],0
209,介绍了各种算法，浅显易懂，适合刚入门的初学者,4,0,0,0,0,1,0,0,1,1,介绍了各种算法，浅显易懂，适合刚入门的初学者,[],0
210,老師在上課時準備的模板很有用，可以加速在實際應用開發的效率,4,0,0,0,0,1,0,0,1,1,老師在上課時準備的模板很有用，可以加速在實際應用開發的效率,[],0
211,It is a good match for me,4,0,0,0,0,1,0,0,1,1,It is a good match for me,[],0
212,I am an experienced developer,4,0,0,0,0,0,0,0,1,2,I am an experienced developer,[],0
213,"I just want to learn ""enough"" about the machine learning",4,0,1,0,0,0,0,0,0,1,"I just want to learn ""enough"" about the machine learning",[],0
214,"up to this moment, it is very good for beginner",4,0,0,0,0,1,0,0,1,1,"up to this moment, it is very good for beginner",[],0
215,是否考虑一下将课程中的库更新成比较新的用法，从思想和理论层面讲解的很到位，但是实践过程中已经会有很多的不同,2,0,1,0,0,0,0,0,0,1,是否考虑一下将课程中的库更新成比较新的用法，从思想和理论层面讲解的很到位，但是实践过程中已经会有很多的不同,[],0
216,很適合機器學習的初學者，一步一步的實際練習以及模板很有用,4,0,0,0,0,1,0,0,1,1,很適合機器學習的初學者，一步一步的實際練習以及模板很有用,[],0
217,讲得很详细，就是,4,0,0,0,0,1,0,0,0,1,讲得很详细，就是,[],0
218,有些地方真的真的太啰嗦了orz,1,0,0,1,0,0,0,0,0,0,有些地方真的真的太啰嗦了orz,[],0
219,很棒的课程体验，讲的很细致，学习到很多有用的东西，实用性很强,4,0,0,0,0,1,0,0,1,1,很棒的课程体验，讲的很细致，学习到很多有用的东西，实用性很强,[],0
220,偏应用，较为基础，适合入门,4,0,0,0,0,1,0,0,0,1,偏应用，较为基础，适合入门,[],0
221,少了LDA和XGBoost，其他堪稱完美,2,0,0,0,0,1,0,0,0,1,少了LDA和XGBoost，其他堪稱完美,[],0
222,有一定计算机基础入门机器学习使用尚可,4,0,0,0,0,1,0,0,1,1,有一定计算机基础入门机器学习使用尚可,[],0
223,非常不错的入门教程，讲解通俗易懂,4,0,0,0,0,1,0,0,1,1,非常不错的入门教程，讲解通俗易懂,[],0
224,女老师讲得太啰嗦了，而且好多概念会重复讲,1,0,0,0,0,0,0,0,0,0,女老师讲得太啰嗦了，而且好多概念会重复讲,[],0
225,It's easy to understand not only for the Chinese voice but also for the arrangement of section,4,0,0,0,0,1,0,0,1,1,It's easy to understand not only for the Chinese voice but also for the arrangement of section,[],0
226,very good,4,0,0,0,0,1,0,0,0,1,very good,[],0
227,Very good,4,0,0,0,0,1,0,0,0,1,Very good,[],0
228,課程編排邏輯清楚，初學者也容易理解,4,0,0,0,0,1,0,0,1,1,課程編排邏輯清楚，初學者也容易理解,[],0
229,每章節實作的例子也適切,4,0,0,0,0,1,0,0,1,1,每章節實作的例子也適切,[],0
230,对于我这种没有接触过R和Python的研究了老半天才知道怎么弄，希望可以把操作一并show出来给大家看,2,0,1,0,0,0,0,0,0,1,对于我这种没有接触过R和Python的研究了老半天才知道怎么弄，希望可以把操作一并show出来给大家看,[],0
231,Clear instruction,4,0,0,0,0,0,0,0,1,1,Clear instruction,[],0
232,"Easy and simple steps, all on key points, you feel the course has a lot content, rather t",4,0,0,0,0,1,0,0,1,1,"Easy and simple steps, all on key points, you feel the course has a lot content, rather t",[],0
233,"I can learn ML step by step, great!",4,0,0,0,0,1,0,0,1,1,"I can learn ML step by step, great!",[],0
234,good,4,0,0,0,0,1,0,0,0,1,good,[],0
235,super！,4,0,0,0,0,1,0,0,1,1,super！,[],0
236,調不錯，但太簡單，希望能多切入一些數學推導,4,0,1,0,0,0,0,0,0,1,調不錯，但太簡單，希望能多切入一些數學推導,[],0
237,关于函数的使用有些突兀，没有铺垫，需要自己去查找相对详细的介绍,4,0,0,0,1,0,1,0,0,1,关于函数的使用有些突兀，没有铺垫，需要自己去查找相对详细的介绍,[],0
238,老师很用心，讲的不错简单易懂，唯一的问题是目前为止的课程似乎都对学习者的编程水平没有太完善地照顾到，一些地方的代码并没有交代作用,2,0,0,0,1,0,1,0,1,1,老师很用心，讲的不错简单易懂，唯一的问题是目前为止的课程似乎都对学习者的编程水平没有太完善地照顾到，一些地方的代码并没有交代作用,[],0
239,刚听到数据预处理部分，至今为止听的很清晰,4,0,0,0,0,1,0,0,1,1,刚听到数据预处理部分，至今为止听的很清晰,[],0
240,但需要注意有些包已经过时了，需要更新视频和代码,2,0,1,0,0,0,1,0,0,0,但需要注意有些包已经过时了，需要更新视频和代码,[],0
241,對我來說滿難的，但講的不會枯燥，可以慢慢學,2,0,0,0,0,1,0,0,0,1,對我來說滿難的，但講的不會枯燥，可以慢慢學,[],0
242,讲解清晰,4,0,0,0,0,1,0,0,1,1,讲解清晰,[],0
243,合适,4,0,0,0,0,1,0,0,0,1,合适,[],0
244,very practical approach,4,0,0,0,0,0,0,0,1,1,very practical approach,[],0
245,Easy to learn and practice,4,0,0,0,0,1,0,0,1,1,Easy to learn and practice,[],0
246,But not very deep,4,0,0,1,0,0,1,0,0,0,But not very deep,[],0
247,目前為止很不錯,4,0,0,0,0,1,0,0,1,1,目前為止很不錯,[],0
248,一些库已经outdated了，现在是2023年,2,0,0,0,0,0,1,0,0,0,一些库已经outdated了，现在是2023年,[],0
249,是,4,0,0,0,0,1,0,0,0,1,是,[],0
250,适合,4,0,0,0,0,1,0,0,0,1,适合,[],0
251,Friendly to beginners,4,0,0,0,0,1,0,0,1,1,Friendly to beginners,[],0
252,不错是不错，就是分辨率太低了,0,0,0,0,0,0,1,0,0,1,不错是不错，就是分辨率太低了,[],0
253,服务器在墙外，要是能增加中国服务器就好了,0,0,1,0,0,0,0,0,0,0,服务器在墙外，要是能增加中国服务器就好了,[],0
254,深入淺出 好教程 !,4,0,0,0,0,1,0,0,1,1,深入淺出 好教程 !,[],0
255,very detail with nice tempo,4,0,0,0,0,1,0,0,1,1,very detail with nice tempo,[],0
256,講解力求簡單易懂,4,0,0,0,0,1,0,0,1,1,講解力求簡單易懂,[],0
257,吐字清晰，富有逻辑，但稍有文字错误,4,0,0,0,0,1,1,0,1,1,吐字清晰，富有逻辑，但稍有文字错误,[],0
258,pretty good,4,0,0,0,0,1,0,0,0,1,pretty good,[],0
259,入门很适合，但是有些部分有些多余，整体很棒！,4,0,0,0,0,1,0,0,1,1,入门很适合，但是有些部分有些多余，整体很棒！,[],0
260,口齿清晰，可以大陆的网络不畅,0,0,0,0,0,1,1,0,1,1,口齿清晰，可以大陆的网络不畅,[],0
261,很詳細,4,0,0,0,0,1,0,0,1,1,很詳細,[],0
262,speak very good,4,0,0,0,0,1,0,0,1,1,speak very good,[],0
263,很不错,4,0,0,0,0,1,0,0,1,1,很不错,[],0
264,還行!,4,0,0,0,0,0,0,0,1,1,還行!,[],0
265,表達清晰流暢,4,0,0,0,0,0,0,0,1,1,表達清晰流暢,[],0
266,Good,4,0,0,0,0,1,0,0,0,1,Good,[],0
267,操作解說清楚,4,0,0,0,0,0,0,0,1,1,操作解說清楚,[],0
268,适合,4,0,0,0,0,1,0,0,0,1,适合,[],0
269,說話清楚,4,0,0,0,0,0,0,0,1,1,說話清楚,[],0
270,還可以接受,4,0,0,0,0,0,0,0,1,1,還可以接受,[],0
271,ok,4,0,0,0,0,1,0,0,0,1,ok,[],0
272,很棒,4,0,0,0,0,1,0,0,1,1,很棒,[],0
273,OK,4,0,0,0,0,1,0,0,0,1,OK,[],0
274,还行,4,0,0,0,0,1,0,0,0,1,还行,[],0
275,感謝,4,0,0,0,0,1,0,0,0,1,感謝,[],0
276,好,4,0,0,0,0,1,0,0,0,1,好,[],0
277,总的来说不错，直觉上理解+coding实现能满足大部分课程需要，但coding例子有点过于理想和简单（考虑到课程量虽说也是没有办法的事）,2,0,0,0,0,1,1,0,1,1,总的来说不错，直觉上理解+coding实现能满足大部分课程需要，但coding例子有点过于理想和简单（考虑到课程量虽说也是没有办法的事）,[],0
278,python部分有些code（如独热编码）该更新了,2,0,1,0,0,0,0,0,0,0,python部分有些code（如独热编码）该更新了,[],0
279,课程内容稍微有些老了,2,0,0,0,0,0,1,0,0,0,课程内容稍微有些老了,[],0
280,新的python库里有些函数已经不对应了,2,0,0,0,0,0,1,0,0,0,新的python库里有些函数已经不对应了,[],0
281,通俗易懂，适宜入门，但原理及有关的数学部分没有讲，不知道是否会影响今后的工作及应用,1,0,1,0,0,1,0,0,0,1,通俗易懂，适宜入门，但原理及有关的数学部分没有讲，不知道是否会影响今后的工作及应用,[],0
282,虽然覆盖到了很多知识面，但是很多知识点讲的不够清楚，希望能够持续更新，而不是更新完了就找不到老师了，有问题也没办法问清楚,2,0,1,0,0,0,1,0,0,0,虽然覆盖到了很多知识面，但是很多知识点讲的不够清楚，希望能够持续更新，而不是更新完了就找不到老师了，有问题也没办法问清楚,[],0
283,感謝規畫該課程，成為入門ML的重要知識,4,0,0,0,0,1,0,0,1,1,感謝規畫該課程，成為入門ML的重要知識,[],0
284,適合新手入門的課程，內容涵蓋大部分ML演算法,4,0,0,0,0,1,0,0,1,1,適合新手入門的課程，內容涵蓋大部分ML演算法,[],0
285,但對於有一定實力的人可能會覺得過於簡單,2,0,0,1,0,0,0,0,0,0,但對於有一定實力的人可能會覺得過於簡單,[],0
286,希望在请教问题的时候能够得到讲师的积极回复，迄今为止我问的问题都没有回复,3,0,1,0,0,0,1,0,0,0,希望在请教问题的时候能够得到讲师的积极回复，迄今为止我问的问题都没有回复,[],0
287,good till now,4,0,0,0,0,0,0,0,1,1,good till now,[],0
288,贪多所以既有R也有python，如果总共三四十个小时，全部python那就是精品课程,2,0,0,0,0,0,0,0,1,1,贪多所以既有R也有python，如果总共三四十个小时，全部python那就是精品课程,[],0
289,但三四十个小时却两个都有，两边就都讲的很少而且很简单了,2,0,0,0,0,0,0,0,0,0,但三四十个小时却两个都有，两边就都讲的很少而且很简单了,[],0
290,Les contenus du cours sont bien organisés,4,0,0,0,0,1,0,0,1,1,Les contenus du cours sont bien organisés,[],0
291,L'on suivit le cours en faisant un vrai exercice,4,0,0,0,0,1,0,0,1,1,L'on suivit le cours en faisant un vrai exercice,[],0
292,許多語法未更新,2,0,0,0,0,0,1,0,0,0,許多語法未更新,[],0
293,"there are some functions already updated in the function, but the teaching materials are still the old version",2,0,0,0,0,0,1,0,0,0,"there are some functions already updated in the function, but the teaching materials are still the old version",[],0
294,讲的东西有点浅了，很多知识的讲解需要深入,2,0,1,1,0,0,0,0,0,0,讲的东西有点浅了，很多知识的讲解需要深入,[],0
295,中文版内容比英语版少了不少,0,0,0,0,0,0,1,0,0,0,中文版内容比英语版少了不少,[],0
296,some python library setting is outdated,2,0,0,0,0,0,1,0,0,0,some python library setting is outdated,[],0
297,引用的類多數已經過時，語法需要修改,2,0,0,0,0,0,1,0,0,0,引用的類多數已經過時，語法需要修改,[],0
298,課程中有使用到的一些函式庫版本已更新，使用方式也不盡相同，若能持續更新這些新版函示庫使用方式，在學習上效率會更好,2,0,1,0,0,0,1,0,0,1,課程中有使用到的一些函式庫版本已更新，使用方式也不盡相同，若能持續更新這些新版函示庫使用方式，在學習上效率會更好,[],0
299,還蠻詳細的 但還未看到我想學的東西,2,0,1,0,0,1,0,0,0,2,還蠻詳細的 但還未看到我想學的東西,[],0
300,R和python为什么都安？不太清楚有什么区别,2,0,0,0,0,0,0,0,0,0,R和python为什么都安？不太清楚有什么区别,[],0
301,不够入门·级,2,0,0,0,0,0,1,0,0,0,不够入门·级,[],0
302,"不太满意,机器学习不是应该用Python为主工具吗?",2,1,0,0,0,0,1,0,0,0,"不太满意,机器学习不是应该用Python为主工具吗?",[],0
303,有些基礎的同學可以跳到比較後面的主題開始,2,0,1,0,0,0,0,0,0,2,有些基礎的同學可以跳到比較後面的主題開始,[],0
304,可以直接進入正題,2,0,1,0,0,0,0,0,0,1,可以直接進入正題,[],0
305,目前入門看不出來,2,0,0,0,0,0,1,0,0,1,目前入門看不出來,[],0
306,应该讲为什么用R语言，而不是教大家安装,0,0,1,0,0,0,0,0,0,1,应该讲为什么用R语言，而不是教大家安装,[],0
307,好的,4,0,0,0,0,0,0,0,1,1,好的,[],0
308,适合,4,0,0,0,0,0,0,0,1,1,适合,[],0
309,只看了頭幾課 還在學習,0,0,1,0,0,0,0,0,0,1,只看了頭幾課 還在學習,[],0
310,有点慢 不过很适合新手,1,0,0,0,0,0,0,0,1,1,有点慢 不过很适合新手,[],0
311,没有python,0,0,0,0,0,0,1,0,0,0,没有python,[],0
312,還不確定,0,0,0,0,1,0,0,0,0,0,還不確定,[],0
313,感觉有点虚,1,0,0,1,0,0,1,0,0,0,感觉有点虚,[],0
314,"內容太淺顯, 沒有數學模型推導, 無法讓人從根本理解演算法",2,0,0,1,0,0,1,0,0,0,"內容太淺顯, 沒有數學模型推導, 無法讓人從根本理解演算法",[],0
315,很多函数已经不支持了，课程居然都没有更新，这难道不是一门课程最基本的吗？失望,2,1,0,1,0,0,1,0,0,0,很多函数已经不支持了，课程居然都没有更新，这难道不是一门课程最基本的吗？失望,[],0
316,还没讲什么实质性内容,2,0,0,0,0,0,1,0,0,0,还没讲什么实质性内容,[],0
317,The course is great,4,0,0,0,0,1,0,0,1,1,The course is great,[],0
318,代码没有注释，只有口头解释，但是很多名词和概念初学者可能并不理解，所以会造成一些困惑,1,0,0,1,0,0,1,0,0,0,代码没有注释，只有口头解释，但是很多名词和概念初学者可能并不理解，所以会造成一些困惑,[],0
319,python的置信区间和汤普森抽样那几节的代码甚至就是凭空讲解，也不配合具体的图文分析，感觉像是在念稿子，一大堆代词绕来绕去，讲解也是云里雾,1,0,0,1,0,0,0,0,0,0,python的置信区间和汤普森抽样那几节的代码甚至就是凭空讲解，也不配合具体的图文分析，感觉像是在念稿子，一大堆代词绕来绕去，讲解也是云里雾,[],0
320,讲师本身对ML的掌握太浅，缺乏实战经验，只能粗浅的翻译英语版本，而且不得精要,1,1,0,0,0,0,0,0,0,0,讲师本身对ML的掌握太浅，缺乏实战经验，只能粗浅的翻译英语版本，而且不得精要,[],0
321,"我在今年11月底購買此課程,課程一開始所提供的數據集,我找不到網頁也無法下載,導致目前不知如何繼續課程,能否協助我尋找到對的網址?",0,0,1,0,0,0,1,0,0,0,"我在今年11月底購買此課程,課程一開始所提供的數據集,我找不到網頁也無法下載,導致目前不知如何繼續課程,能否協助我尋找到對的網址?",[],0
322,package都更新了 但是课程内容一点更新没,2,1,0,0,0,0,1,0,0,0,package都更新了 但是课程内容一点更新没,[],0
323,Code is too old,2,0,0,0,0,0,1,0,0,0,Code is too old,[],0
324,The code in the examples is deprecated,2,0,0,0,0,0,1,0,0,0,The code in the examples is deprecated,[],0
325,代码都过期了 视频应该重新拍摄,2,1,1,0,0,0,1,0,0,0,代码都过期了 视频应该重新拍摄,[],0
326,代码根本就是过时的我拜托,2,1,0,0,0,0,1,0,0,0,代码根本就是过时的我拜托,[],0
327,录音非常糟糕，第2章断断续续，能够听到的不足1/10,0,1,0,1,0,0,1,0,0,0,录音非常糟糕，第2章断断续续，能够听到的不足1/10,[],0
328,讲师讲得很清楚，不错！,4,0,0,0,0,1,0,0,1,1,讲师讲得很清楚，不错！,[],0
329,it is clear and easy to understand,4,0,0,0,0,1,0,0,1,1,it is clear and easy to understand,[],0
330,過於初階，幫助不大,2,0,0,0,0,0,1,0,0,0,過於初階，幫助不大,[],0
331,適合,4,0,0,0,0,0,0,0,1,1,適合,[],0
332,適合,4,0,0,0,0,0,0,0,1,1,適合,[],0
333,棒,4,0,0,0,0,1,0,0,0,1,棒,[],0
334,so far so good,4,0,1,0,0,1,0,0,0,1,so far so good,[],0
335,good to know,4,0,0,0,0,1,0,0,0,1,good to know,[],0
336,"對於 ISO27001有初步的概念了,也對後續課程有了初步的認知",4,0,1,0,0,0,0,0,1,1,"對於 ISO27001有初步的概念了,也對後續課程有了初步的認知",[],0
337,做笔记的还是有些许割裂感,1,0,0,0,0,0,1,0,0,0,做笔记的还是有些许割裂感,[],0
338,yes,4,0,0,0,0,1,0,0,0,1,yes,[],0
339,這堂課程對於只是想先了解 ISO27001 概念與框架來說蠻有用的,4,0,0,0,0,0,0,0,1,1,這堂課程對於只是想先了解 ISO27001 概念與框架來說蠻有用的,[],0
340,講解的很簡單易懂，對於只是想先入門的我來說學習上沒負擔,4,0,0,0,0,1,0,0,1,1,講解的很簡單易懂，對於只是想先入門的我來說學習上沒負擔,[],0
341,Great!,4,0,0,0,0,1,0,0,0,1,Great!,[],0
342,講解很細，清晰符合預期,4,0,0,0,0,1,0,0,1,1,講解很細，清晰符合預期,[],0
343,符合預期,4,0,0,0,0,0,0,0,1,1,符合預期,[],0
344,我在準備要考ISO27001:2023 LA前很害怕沒考過，剛好有看到這門課程，想說預先準備,4,0,1,0,1,0,0,0,0,1,我在準備要考ISO27001:2023 LA前很害怕沒考過，剛好有看到這門課程，想說預先準備,[],0
345,老師講解內容很詳細，可以將我白天上課內容再複習一遍，終於考過了!!,4,0,0,0,0,1,0,0,1,1,老師講解內容很詳細，可以將我白天上課內容再複習一遍，終於考過了!!,[],0
346,還能接受！,4,0,0,0,0,0,0,0,1,1,還能接受！,[],0
347,清晰、明確!,4,0,0,0,0,1,0,0,1,1,清晰、明確!,[],0
348,適合,4,0,0,0,0,0,0,0,1,1,適合,[],0
349,inspiring,4,0,1,0,0,1,0,0,0,1,inspiring,[],0
350,"講師講得非常好, 值得推薦",4,0,0,0,0,1,0,0,1,1,"講師講得非常好, 值得推薦",[],0
351,適合已先行完成ISMS ISO-27001：2013課程的人員,4,0,0,0,0,0,0,0,1,1,適合已先行完成ISMS ISO-27001：2013課程的人員,[],0
352,會非常有感2022所帶來的變化,4,0,1,0,0,0,0,0,0,1,會非常有感2022所帶來的變化,[],0
353,這門課程完整講解改版重點與條文，最重要的是控制措施都有講得很清楚，很值得上這門課！,4,0,0,0,0,1,0,0,1,1,這門課程完整講解改版重點與條文，最重要的是控制措施都有講得很清楚，很值得上這門課！,[],0
354,了解管理風險的方法(接受、降低、避免、轉移)和資訊安全管理制度方法PDCA,4,0,0,0,0,1,0,0,1,1,了解管理風險的方法(接受、降低、避免、轉移)和資訊安全管理制度方法PDCA,[],0
355,很好的自我學習課程，可反覆觀看以強化學習，旁白與字幕也相當清楚,4,0,0,0,0,1,0,0,1,1,很好的自我學習課程，可反覆觀看以強化學習，旁白與字幕也相當清楚,[],0
356,對於初步了解ISO 27001有幫助,4,0,0,0,0,1,0,0,1,1,對於初步了解ISO 27001有幫助,[],0
357,非常符合個人的需求,4,0,0,0,0,1,0,0,1,1,非常符合個人的需求,[],0
358,講師表達得很清楚~,4,0,0,0,0,1,0,0,1,1,講師表達得很清楚~,[],0
359,很棒資訊,4,0,0,0,0,1,0,0,1,1,很棒資訊,[],0
360,Yes,4,0,0,0,0,0,0,0,1,1,Yes,[],0
361,今年都沒有更新，還有相對英語版問題太少,2,0,0,0,0,0,0,0,1,0,今年都沒有更新，還有相對英語版問題太少,[],0
362,很不錯的練習！對於取得ISC2 CC認證我個人覺得非常有幫助,4,0,0,0,0,1,0,0,1,1,很不錯的練習！對於取得ISC2 CC認證我個人覺得非常有幫助,[],0
363,題庫數量剛好，翻譯也比較準確，真的謝謝老師,4,0,0,0,0,1,0,0,1,1,題庫數量剛好，翻譯也比較準確，真的謝謝老師,[],0
364,很不错的练习考试！对于取得ISC2 CC认证非常有帮助,4,0,0,0,0,1,0,0,1,1,很不错的练习考试！对于取得ISC2 CC认证非常有帮助,[],0
365,题库和英文版的数量一样多，翻译也比较准确,4,0,0,0,0,0,0,0,1,1,题库和英文版的数量一样多，翻译也比较准确,[],0
366,我就要参加CC考试了，但几乎没有任何材料可以帮我准备,2,0,0,0,1,0,1,0,0,0,我就要参加CC考试了，但几乎没有任何材料可以帮我准备,[],0
367,这些问题与ISC2材料中的问题不同；但是，课程描述中说这是我们在真实考试中应该期待的,2,0,0,0,0,0,0,0,0,0,这些问题与ISC2材料中的问题不同；但是，课程描述中说这是我们在真实考试中应该期待的,[],0
368,我发现每个问题的详细解释真的很有帮助；它让我对这个问题有了更好的理解,2,0,0,0,0,1,0,0,1,1,我发现每个问题的详细解释真的很有帮助；它让我对这个问题有了更好的理解,[],0
369,在这些问题中，有很多,2,0,0,0,0,0,0,0,0,2,在这些问题中，有很多,[],0
370,问题很有帮助,2,0,0,0,0,1,0,0,1,1,问题很有帮助,[],0
371,需要理解概念，光背诵问题和答案不够,2,0,0,0,0,0,0,0,0,0,需要理解概念，光背诵问题和答案不够,[],0
372,數學觀念講得很不清楚，而不清楚的數學觀念要轉換成程式碼時，就變得更不清楚了,1,1,0,1,0,0,1,0,0,0,數學觀念講得很不清楚，而不清楚的數學觀念要轉換成程式碼時，就變得更不清楚了,[],0
373,程式的部分很容易懂，但感覺數學的部分解釋有些不足，會搞不清楚從哪裡得來那些參數及參數的意義,1,0,0,0,0,0,1,0,0,0,程式的部分很容易懂，但感覺數學的部分解釋有些不足，會搞不清楚從哪裡得來那些參數及參數的意義,[],0
374,讲解容易理解,4,0,0,0,0,1,0,0,1,1,讲解容易理解,[],0
375,講解的很清楚，很值得上，都從基礎教起,4,0,0,0,0,1,0,0,1,1,講解的很清楚，很值得上，都從基礎教起,[],0
376,但有時真的要想一下，要會舉一反三，畢竟短短時間有限,4,0,1,0,0,0,0,0,0,1,但有時真的要想一下，要會舉一反三，畢竟短短時間有限,[],0
377,一步一步学习，非常细致,4,0,0,0,0,1,0,0,1,1,一步一步学习，非常细致,[],0
378,經老師說明後，內容還算簡明扼要，沒有想像中複雜，值得繼續努力!,4,0,1,0,0,1,0,0,0,1,經老師說明後，內容還算簡明扼要，沒有想像中複雜，值得繼續努力!,[],0
379,很不错，就是练习几乎没有,2,0,0,0,0,1,1,0,0,1,很不错，就是练习几乎没有,[],0
380,VERY GOOD,4,0,0,0,0,1,0,0,0,1,VERY GOOD,[],0
381,非常详细，对初学者非常友好,4,0,0,0,0,1,0,0,1,1,非常详细，对初学者非常友好,[],0
382,The interface is different in Windows 11,0,0,0,0,0,0,1,0,0,2,The interface is different in Windows 11,[],0
383,Suggest other student need to find Jupyter,0,0,1,0,0,0,0,0,0,2,Suggest other student need to find Jupyter,[],0
384,5 stars for Pinyin + traditional Chinese,1,0,0,0,0,1,0,0,1,1,5 stars for Pinyin + traditional Chinese,[],0
385,老師上的很好，講得很清楚,4,0,0,0,0,1,0,0,1,1,老師上的很好，講得很清楚,[],0
386,老師講解清除易懂，加上實作更能理解如何應用,4,0,0,0,0,1,0,0,1,1,老師講解清除易懂，加上實作更能理解如何應用,[],0
387,比较基础的讲解,4,0,0,0,0,0,0,0,1,1,比较基础的讲解,[],0
388,启动后续专业的深入讲解,4,0,1,0,0,0,0,0,0,1,启动后续专业的深入讲解,[],0
389,非常棒！,4,0,0,0,0,1,0,0,0,1,非常棒！,[],0
390,Easy to understand,4,0,0,0,0,0,0,0,1,1,Easy to understand,[],0
391,怎麼拿到補充課程,4,0,1,0,0,0,0,0,0,2,怎麼拿到補充課程,[],0
392,fit for me,4,0,0,0,0,0,0,0,1,1,fit for me,[],0
393,講解清楚，容易吸收學習,4,0,0,0,0,1,0,0,1,1,講解清楚，容易吸收學習,[],0
394,GOOD!,4,0,0,0,0,1,0,0,0,1,GOOD!,[],0
395,体验很好，通俗易懂,4,0,0,0,0,1,0,0,1,1,体验很好，通俗易懂,[],0
396,能明白,4,0,0,0,0,0,0,0,1,1,能明白,[],0
397,講解清晰，條理分明！,4,0,0,0,0,1,0,0,1,1,講解清晰，條理分明！,[],0
398,"課很多,感覺很值得購買,之後上完再給更多意見~",4,0,1,0,0,1,0,0,0,1,"課很多,感覺很值得購買,之後上完再給更多意見~",[],0
399,"上到ML的部分,覺得受益良多,很值得購買的課程!",4,0,0,0,0,1,0,0,1,1,"上到ML的部分,覺得受益良多,很值得購買的課程!",[],0
400,真的不错！！！不过最好先看一遍书再看视频,2,0,1,0,0,1,0,0,0,1,真的不错！！！不过最好先看一遍书再看视频,[],0
401,非常物超所值,4,0,0,0,0,1,0,1,1,1,非常物超所值,[],0
402,謝謝老師的用心安排課程 內容也相當豐富且容易理解,4,0,0,0,0,1,0,0,1,1,謝謝老師的用心安排課程 內容也相當豐富且容易理解,[],0
403,"課程講解清楚,內容豐富,獲益良多！",4,0,0,0,0,1,0,0,1,1,"課程講解清楚,內容豐富,獲益良多！",[],0
404,Greatest courses on Udemy!,4,0,0,0,0,1,0,0,1,1,Greatest courses on Udemy!,[],0
405,很適合新手，不過後半段需要有些統計基礎，否則會不知道做這些分析的意義,2,0,0,0,1,0,0,0,1,1,很適合新手，不過後半段需要有些統計基礎，否則會不知道做這些分析的意義,[],0
406,“從零開始學Linear Regression補充”~~~,2,0,1,0,0,0,0,0,0,2,“從零開始學Linear Regression補充”~~~,[],0
407,課程內容由淺入深，講解也很清楚,4,0,0,0,0,1,0,0,1,1,課程內容由淺入深，講解也很清楚,[],0
408,"很適合新手入門 , 講解與範例充足易懂",4,0,0,0,0,1,0,0,1,1,"很適合新手入門 , 講解與範例充足易懂",[],0
409,"上課內容豐富,物超所值",4,0,0,0,0,1,0,0,1,1,"上課內容豐富,物超所值",[],0
410,excellent!,4,0,0,0,0,1,0,0,0,1,excellent!,[],0
411,很適合，謝謝!,4,0,0,0,0,1,0,0,1,1,很適合，謝謝!,[],0
412,"老師講解非常詳細,非常適合初學者",4,0,0,0,0,1,0,0,1,1,"老師講解非常詳細,非常適合初學者",[],0
413,Its awesome,4,0,0,0,0,1,0,0,1,1,Its awesome,[],0
414,很棒，講解十分詳細,4,0,0,0,0,1,0,0,1,1,很棒，講解十分詳細,[],0
415,"很好的课程, 还有第三部分吗？",4,0,1,0,0,1,0,0,0,1,"很好的课程, 还有第三部分吗？",[],0
416,Very good !!,4,0,0,0,0,1,0,0,0,1,Very good !!,[],0
417,yes,4,0,0,0,0,1,0,0,0,1,yes,[],0
418,很棒!!!!!,4,0,0,0,0,1,0,1,0,1,很棒!!!!!,[],0
419,很好的課,4,0,0,0,0,1,0,1,0,1,很好的課,[],0
420,老師講解很仔細，觀念也交代很清楚！,4,0,0,0,0,1,0,0,1,1,老師講解很仔細，觀念也交代很清楚！,[],0
421,深入淺出！很棒,4,0,0,0,0,1,0,0,1,1,深入淺出！很棒,[],0
422,之前在coursera上学习了部分ML的知识，但是由于是因为英语讲解的有些内容理解上还是有些偏差，所以在udemy上搜索了很多ML的课程，包括唐宇迪老师的，各有各的风格，能看出来真实花了大功夫做的课程，不过最,4,0,0,0,0,1,0,0,1,1,之前在coursera上学习了部分ML的知识，但是由于是因为英语讲解的有些内容理解上还是有些偏差，所以在udemy上搜索了很多ML的课程，包括唐宇迪老师的，各有各的风格，能看出来真实花了大功夫做的课程，不过最,[],0
423,解釋非常清楚! 希望自己能更進步!,4,0,1,0,0,1,0,0,0,1,解釋非常清楚! 希望自己能更進步!,[],0
424,講解清晰,4,0,0,0,0,1,0,0,1,1,講解清晰,[],0
425,是一門相當不錯的machine learning 基礎課程,4,0,0,0,0,1,0,0,1,1,是一門相當不錯的machine learning 基礎課程,[],0
426,淺顯易懂，合初學者,4,0,0,0,0,1,0,0,1,1,淺顯易懂，合初學者,[],0
427,講得蠻詳細的，會手把手一步步教學,4,0,0,0,0,1,0,0,1,1,講得蠻詳細的，會手把手一步步教學,[],0
428,很棒，淺顯易懂,4,0,0,0,0,1,0,0,1,1,很棒，淺顯易懂,[],0
429,老師講解思路清晰！內容豐富！是適合新手往機器學習之路最棒的課程！！推薦～希望能好好把老師教的全部吸收進去:3,4,0,1,0,0,1,0,0,1,1,老師講解思路清晰！內容豐富！是適合新手往機器學習之路最棒的課程！！推薦～希望能好好把老師教的全部吸收進去:3,[],0
430,课程讲解速度非常适合于新手，每个内容都会通过实操来讲解，因此自己也能跟随课程进行操作，学起来非常易懂,4,0,0,0,0,1,0,0,1,1,课程讲解速度非常适合于新手，每个内容都会通过实操来讲解，因此自己也能跟随课程进行操作，学起来非常易懂,[],0
431,"主題是ML , 但是基礎也很仔細介紹! 比想像要好",4,0,0,0,0,1,0,1,1,1,"主題是ML , 但是基礎也很仔細介紹! 比想像要好",[],0
432,課程內容非常詳細，且非常易理解！,4,0,0,0,0,1,0,0,1,1,課程內容非常詳細，且非常易理解！,[],0
433,非常適合新手入門,4,0,0,0,0,1,0,0,1,1,非常適合新手入門,[],0
434,Easy to understand,4,0,0,0,0,0,0,0,1,1,Easy to understand,[],0
435,個人認為是Udemy上最好的人工智能課程，沒有之一,4,0,0,0,0,1,0,0,1,1,個人認為是Udemy上最好的人工智能課程，沒有之一,[],0
436,超容易理解，數學門檻減低了很多,4,0,0,0,0,1,0,0,1,1,超容易理解，數學門檻減低了很多,[],0
437,Easy to learn,4,0,0,0,0,1,0,0,1,1,Easy to learn,[],0
438,講解得非常詳細,4,0,0,0,0,0,0,0,1,1,講解得非常詳細,[],0
439,example非常清楚,4,0,0,0,0,0,0,0,1,1,example非常清楚,[],0
440,"講解清楚 ,條理分明",4,0,0,0,0,1,0,0,1,1,"講解清楚 ,條理分明",[],0
441,very useful,4,0,0,0,0,1,0,0,1,1,very useful,[],0
442,深入淺出，很適合初學者,4,0,0,0,0,1,0,0,1,1,深入淺出，很適合初學者,[],0
443,老師講得很清楚，新手也可以完全進入狀況！,4,0,0,0,0,1,0,0,1,1,老師講得很清楚，新手也可以完全進入狀況！,[],0
444,很有邏輯性的教學，也會舉錯誤的例子，讓人可以更瞭解指令的邏輯,4,0,0,0,0,1,0,0,1,1,很有邏輯性的教學，也會舉錯誤的例子，讓人可以更瞭解指令的邏輯,[],0
445,很棒很棒,4,0,0,0,0,1,0,0,0,1,很棒很棒,[],0
446,很優質的課程,4,0,0,0,0,1,0,0,1,1,很優質的課程,[],0
447,很好的课程,4,0,0,0,0,1,0,0,1,1,很好的课程,[],0
448,講解很清楚唷~ 值得購買~,4,0,0,0,0,1,0,0,1,1,講解很清楚唷~ 值得購買~,[],0
449,clear explanation,4,0,0,0,0,0,0,0,1,1,clear explanation,[],0
450,講解清楚,4,0,0,0,0,0,0,0,1,1,講解清楚,[],0
451,Nice,4,0,0,0,0,1,0,0,0,1,Nice,[],0
452,great,4,0,0,0,0,1,0,0,0,1,great,[],0
453,真正从零开始，上完再反馈更多感受,4,0,1,0,0,0,0,0,0,1,真正从零开始，上完再反馈更多感受,[],0
454,刚开始学习，希望能有成就感,4,0,1,0,0,0,0,0,0,1,刚开始学习，希望能有成就感,[],0
455,very clear and informative! From simple to difficult! Well explanation,4,0,0,0,0,1,0,0,1,1,very clear and informative! From simple to difficult! Well explanation,[],0
456,課程清晰易明,4,0,0,0,0,1,0,0,1,1,課程清晰易明,[],0
457,老師講得非常清楚，很受用！,4,0,0,0,0,1,0,0,1,1,老師講得非常清楚，很受用！,[],0
458,老師講解非常清楚～,4,0,0,0,0,1,0,0,1,1,老師講解非常清楚～,[],0
459,非常好，课程价格合适，内容充实，答疑详细,4,0,0,0,0,1,0,0,1,1,非常好，课程价格合适，内容充实，答疑详细,[],0
460,很適合初學者!!!值得細細品味~,4,0,0,0,0,1,0,0,1,1,很適合初學者!!!值得細細品味~,[],0
461,讚讚,4,0,0,0,0,1,0,0,0,1,讚讚,[],0
462,很適合初學者！,4,0,0,0,0,1,0,0,1,1,很適合初學者！,[],0
463,淺顯易懂,4,0,0,0,0,1,0,0,1,1,淺顯易懂,[],0
464,基礎介紹很清楚明白！,4,0,0,0,0,1,0,0,1,1,基礎介紹很清楚明白！,[],0
465,太棒了 講解得非常長好!!,4,0,0,0,0,1,0,0,1,1,太棒了 講解得非常長好!!,[],0
466,讚!,4,0,0,0,0,1,0,0,0,1,讚!,[],0
467,課程講解清楚，好理解,4,0,0,0,0,1,0,0,1,1,課程講解清楚，好理解,[],0
468,很棒！,4,0,0,0,0,1,0,0,0,1,很棒！,[],0
469,老師講講很仔細~~,4,0,0,0,0,1,0,0,1,1,老師講講很仔細~~,[],0
470,very good,4,0,0,0,0,1,0,0,0,1,very good,[],0
471,講的很清楚,4,0,0,0,0,1,0,0,1,1,講的很清楚,[],0
472,十分适合,4,0,0,0,0,1,0,0,1,1,十分适合,[],0
473,節奏合意,4,0,0,0,0,1,0,0,0,1,節奏合意,[],0
474,非常好,4,0,0,0,0,1,0,0,0,1,非常好,[],0
475,Great course,4,0,0,0,0,1,0,0,0,1,Great course,[],0
476,謝謝Ken，課程內容豐富，獲益良多！,4,0,0,0,0,1,0,0,1,1,謝謝Ken，課程內容豐富，獲益良多！,[],0
477,太棒了，完全超出預期,4,0,0,0,0,1,0,1,1,1,太棒了，完全超出預期,[],0
478,好！,4,0,0,0,0,1,0,0,0,1,好！,[],0
479,棒,4,0,0,0,0,1,0,0,0,1,棒,[],0
480,nice course~,4,0,0,0,0,1,0,0,0,1,nice course~,[],0
481,老師講得很好 而且有問題回復的很快 推介,4,0,0,0,0,1,0,0,1,1,老師講得很好 而且有問題回復的很快 推介,[],0
482,淺顯易懂,4,0,0,0,0,1,0,0,1,1,淺顯易懂,[],0
483,很好,4,0,0,0,0,1,0,0,0,1,很好,[],0
484,解說詳細，真的很適合新手,4,0,0,0,0,1,0,0,1,1,解說詳細，真的很適合新手,[],0
485,没有操作画面，根本看不懂,2,0,0,0,0,0,1,0,0,0,没有操作画面，根本看不懂,[],0
486,沒有實機操作 演示,2,0,0,0,0,0,1,0,0,0,沒有實機操作 演示,[],0
487,"整个课程都是在将PPT,没有一点在IDE写程序的过程",2,1,0,1,0,0,1,0,0,0,"整个课程都是在将PPT,没有一点在IDE写程序的过程",[],0
488,内容讲的比较范,2,0,0,0,0,0,1,0,0,0,内容讲的比较范,[],0
489,不详细,2,1,0,0,0,0,1,0,0,0,不详细,[],0
490,所以不适合没有基础的同学,2,0,0,0,0,0,1,0,0,0,所以不适合没有基础的同学,[],0
491,但是课程对于有基础的同学又毫无价值,2,0,0,1,0,0,1,0,0,0,但是课程对于有基础的同学又毫无价值,[],0
492,所以定位比较尴尬,2,0,0,0,0,0,1,0,0,0,所以定位比较尴尬,[],0
493,所以这个课程只是能是作为一个对python进行初步了,2,0,1,0,0,0,0,0,0,0,所以这个课程只是能是作为一个对python进行初步了,[],0
494,代码有错误,2,0,0,0,0,0,1,0,0,0,代码有错误,[],0
495,根本就是在念講義而已,1,0,0,1,0,0,1,0,0,0,根本就是在念講義而已,[],0
496,Cython的部分只有草草帶過，希望能夠講解得更加清晰，另外呼叫數據打開各種資料的語法有大致說明到，可是並未講清楚具體要用在哪裡，這部分希望加強，感謝!,1,0,1,1,0,0,0,0,1,0,Cython的部分只有草草帶過，希望能夠講解得更加清晰，另外呼叫數據打開各種資料的語法有大致說明到，可是並未講清楚具體要用在哪裡，這部分希望加強，感謝!,[],0
497,缺乏部分關鍵建置影片,0,0,0,0,0,0,1,0,0,0,缺乏部分關鍵建置影片,[],0
498,例如課程前面使用 Pycharm 做演示，但 Pycharm 並不是安裝就能用，建立專案、設定直譯器是很多人會不理解並造成卡住的環境設定,2,0,0,0,0,0,1,0,0,1,例如課程前面使用 Pycharm 做演示，但 Pycharm 並不是安裝就能用，建立專案、設定直譯器是很多人會不理解並造成卡住的環境設定,[],0
499,適合已經有程式基礎的人，但看這些影片難以建立,2,0,0,0,0,0,1,0,0,0,適合已經有程式基礎的人，但看這些影片難以建立,[],0
500,語法部分不太詳細，需要自己花時間尋找相關註釋,2,0,0,0,0,0,1,0,0,0,語法部分不太詳細，需要自己花時間尋找相關註釋,[],0
501,上課教材好像蠻多錯誤的地方的,2,0,0,0,0,0,1,0,0,0,上課教材好像蠻多錯誤的地方的,[],0
502,"希忘有實例的操作畫面, 不是都使用簡報",0,0,1,0,0,0,0,0,0,0,"希忘有實例的操作畫面, 不是都使用簡報",[],0
503,使用「簡報」方式的講解，而不是在 IDE 或 Editor 中說明程式碼，感覺真的很怪！很沒有資訊人的 Ful ⋯⋯,1,1,0,1,0,0,1,0,0,0,使用「簡報」方式的講解，而不是在 IDE 或 Editor 中說明程式碼，感覺真的很怪！很沒有資訊人的 Ful ⋯⋯,[],0
504,入门简单,2,0,0,0,0,1,0,0,0,1,入门简单,[],0
505,太簡單,2,0,0,0,0,0,1,0,0,0,太簡單,[],0
506,課程規劃後期還不錯,4,0,0,0,0,1,0,0,0,1,課程規劃後期還不錯,[],0
507,多了解一門程式語言,4,0,0,0,0,0,0,0,1,1,多了解一門程式語言,[],0
508,一些中文簡化的名詞沒有先說明或查詢的地方，例如：縮進？,1,0,0,0,0,0,1,0,0,0,一些中文簡化的名詞沒有先說明或查詢的地方，例如：縮進？,[],0
509,This is a pretty good course,4,0,0,0,0,1,0,0,0,1,This is a pretty good course,[],0
510,It's detailed and basic,4,0,0,0,0,0,0,0,1,1,It's detailed and basic,[],0
511,It's very suitable to beginner,4,0,0,0,0,1,0,0,1,1,It's very suitable to beginner,[],0
512,Covered a lot!,4,0,0,0,0,1,0,0,1,1,Covered a lot!,[],0
513,很用心的教學！,4,0,0,0,0,1,0,0,1,1,很用心的教學！,[],0
514,提到的知识点都很实用，建议添加更多现实应用的讨论,4,0,1,0,0,0,0,0,1,1,提到的知识点都很实用，建议添加更多现实应用的讨论,[],0
515,好,4,0,0,0,0,1,0,0,0,1,好,[],0
516,讚~,4,0,0,0,0,1,0,0,0,1,讚~,[],0
517,讲解非常清晰与详细，强烈推荐,4,0,0,0,0,1,0,0,1,1,讲解非常清晰与详细，强烈推荐,[],0
518,This is a very well put together course,4,0,0,0,0,1,0,0,1,1,This is a very well put together course,[],0
519,Material is easy to follow and instructor is easy to follow,4,0,0,0,0,1,0,0,1,1,Material is easy to follow and instructor is easy to follow,[],0
520,Overall a,4,0,0,0,0,1,0,0,0,1,Overall a,[],0
521,"对基本的数据处理知识讲解的很全面,同时有配套很多具体问题,使得我的理解更好",4,0,0,0,0,1,0,0,1,1,"对基本的数据处理知识讲解的很全面,同时有配套很多具体问题,使得我的理解更好",[],0
522,目标明确，讲解简单明了，希望能提供更多的编程练习，来实践课程中的知识！,4,0,1,0,0,0,0,0,1,1,目标明确，讲解简单明了，希望能提供更多的编程练习，来实践课程中的知识！,[],0
523,还不错吧,4,0,0,0,0,1,0,0,0,1,还不错吧,[],0
524,"專業,容易理解",4,0,0,0,0,1,0,0,1,1,"專業,容易理解",[],0
525,很好,4,0,0,0,0,1,0,0,0,1,很好,[],0
526,The lessons taught by this teacher seem more like reading documents rather than teaching,1,0,0,1,0,0,1,0,0,0,The lessons taught by this teacher seem more like reading documents rather than teaching,[],0
527,無法下載影片,0,0,0,0,0,0,1,0,0,0,無法下載影片,[],0
528,总体体验还是不错的,2,0,0,0,0,1,0,0,0,1,总体体验还是不错的,[],0
529,不过前面大部分时间讲python，与课题内容相关性差了些,2,0,0,0,0,0,1,0,0,0,不过前面大部分时间讲python，与课题内容相关性差了些,[],0
530,应该先讲些API基础，然后结合着讲python，这样更有针对性些，也不会让人觉得内容割裂,2,0,1,0,0,0,0,0,0,0,应该先讲些API基础，然后结合着讲python，这样更有针对性些，也不会让人觉得内容割裂,[],0
531,适合我,4,0,0,0,0,1,0,0,1,1,适合我,[],0
532,目前还可以，再上几节感受一下,4,0,1,0,0,0,0,0,0,1,目前还可以，再上几节感受一下,[],0
533,"It helps me to breakthrough from learning books and syntax, to practicing how to actually build a project in",4,0,1,0,0,1,0,0,1,1,"It helps me to breakthrough from learning books and syntax, to practicing how to actually build a project in",[],0
534,很好！,4,0,0,0,0,1,0,0,0,1,很好！,[],0
535,不错,4,0,0,0,0,1,0,0,0,1,不错,[],0
536,内容不错,4,0,0,0,0,1,0,0,0,1,内容不错,[],0
537,marvellous,4,0,0,0,0,1,0,0,0,1,marvellous,[],0
538,真的很棒！這個課程剛好都是我想要知道的知識，而且講得淺顯易懂，非常適合入門，並且做為更深入學習的跳板,4,0,0,0,0,1,0,0,1,1,真的很棒！這個課程剛好都是我想要知道的知識，而且講得淺顯易懂，非常適合入門，並且做為更深入學習的跳板,[],0
539,"Very very good, amazing tutorial for how to build a custom AI application! I want to give lots lots lots lots",4,0,0,0,0,1,0,1,1,1,"Very very good, amazing tutorial for how to build a custom AI application! I want to give lots lots lots lots",[],0
540,"Course arrangement is amazing, AI beginner friendly, love it",4,0,0,0,0,1,0,1,1,1,"Course arrangement is amazing, AI beginner friendly, love it",[],0
541,講解的很詳細,4,0,0,0,0,1,0,0,1,1,講解的很詳細,[],0
542,上課內容很詳細,4,0,0,0,0,1,0,0,1,1,上課內容很詳細,[],0
543,将得非常好,4,0,0,0,0,1,0,0,1,1,将得非常好,[],0
544,太适合了,4,0,0,0,0,1,0,0,1,1,太适合了,[],0
545,老師講的不錯，非常流暢,4,0,0,0,0,1,0,0,1,1,老師講的不錯，非常流暢,[],0
546,好,4,0,0,0,0,1,0,0,0,1,好,[],0
547,範例多，解說詳細而清楚,4,0,0,0,0,1,0,0,1,1,範例多，解說詳細而清楚,[],0
548,很棒的课程！,4,0,0,0,0,1,0,0,1,1,很棒的课程！,[],0
549,非常好，讲得很清楚,4,0,0,0,0,1,0,0,1,1,非常好，讲得很清楚,[],0
550,很棒的課程與理解,4,0,0,0,0,1,0,0,1,1,很棒的課程與理解,[],0
551,非常棒,4,0,0,0,0,1,0,0,1,1,非常棒,[],0
552,棒,4,0,0,0,0,1,0,0,0,1,棒,[],0
553,非常简明易懂，很实用的课程,4,0,0,0,0,1,0,0,1,1,非常简明易懂，很实用的课程,[],0
554,非常棒,4,0,0,0,0,1,0,0,0,1,非常棒,[],0
555,讲的好，确实好用,4,0,0,0,0,1,0,0,1,1,讲的好，确实好用,[],0
556,很好,4,0,0,0,0,1,0,0,0,1,很好,[],0
557,挺好的，通俗易懂，简单明了,4,0,0,0,0,1,0,0,1,1,挺好的，通俗易懂，简单明了,[],0
558,跟着练习，没有问题,4,0,0,0,0,1,0,0,0,1,跟着练习，没有问题,[],0
559,深入淺出，簡單易懂,4,0,0,0,0,1,0,0,1,1,深入淺出，簡單易懂,[],0
560,清晰明了，生动形象,4,0,0,0,0,1,0,0,1,1,清晰明了，生动形象,[],0
561,较易入门,4,0,0,0,0,1,0,0,1,1,较易入门,[],0
562,講解清晰，容易理解，每個課程不會太長，每句話都有義義不會廢話,4,0,0,0,0,1,0,0,1,1,講解清晰，容易理解，每個課程不會太長，每句話都有義義不會廢話,[],0
563,解說詳細，易於理解，是個很棒的課程，期待講師推出更多的課程,4,0,1,0,0,1,0,0,1,1,解說詳細，易於理解，是個很棒的課程，期待講師推出更多的課程,[],0
564,老師非常認真的說明，中文介紹Orange的教學不多，很感謝提供相關課程，但有些字幕翻譯不精確影響學習,4,0,0,0,0,1,1,0,1,1,老師非常認真的說明，中文介紹Orange的教學不多，很感謝提供相關課程，但有些字幕翻譯不精確影響學習,[],0
565,若之後更新教學版本時，能增加更多範例練習就更好了,2,0,1,0,0,0,0,0,0,2,若之後更新教學版本時，能增加更多範例練習就更好了,[],0
566,講師說明的很清楚，對於Orange的操作有案例說明,4,0,0,0,0,1,0,0,1,1,講師說明的很清楚，對於Orange的操作有案例說明,[],0
567,"解說得很清楚，能夠逐步上手Orange, 提供不同案例的理解",4,0,0,0,0,1,0,0,1,1,"解說得很清楚，能夠逐步上手Orange, 提供不同案例的理解",[],0
568,Very Helpful!,4,0,0,0,0,1,0,0,1,1,Very Helpful!,[],0
569,老師課程講解清楚，程式說明詳細，程式實作很容易入手,4,0,0,0,0,1,0,0,1,1,老師課程講解清楚，程式說明詳細，程式實作很容易入手,[],0
570,推薦！,4,0,0,0,0,1,0,0,1,1,推薦！,[],0
571,課程不冗長，內容非常精實，程式說明很清楚，推薦！,4,0,0,0,0,1,0,0,1,1,課程不冗長，內容非常精實，程式說明很清楚，推薦！,[],0
572,速度比较快，对于小白来说很多专有名词也不是很理解，目前感觉进度跨越式比较快，但是能懂，先观望继续看看再更新评价,1,0,1,0,0,1,0,0,0,2,速度比较快，对于小白来说很多专有名词也不是很理解，目前感觉进度跨越式比较快，但是能懂，先观望继续看看再更新评价,[],0
573,比较适合,4,0,0,0,0,1,0,0,1,1,比较适合,[],0
574,動畫很多 輔助教學,4,0,0,0,0,1,0,0,0,1,動畫很多 輔助教學,[],0
575,GOOD,4,0,0,0,0,1,0,0,0,1,GOOD,[],0
576,好,4,0,0,0,0,1,0,0,0,1,好,[],0
577,課程內容全是重點，讓我能快速掌握數據分析的要領,4,0,0,0,0,1,0,0,1,1,課程內容全是重點，讓我能快速掌握數據分析的要領,[],0
578,有文檔可以下載，大大縮短跟上課程所需要耗費的精力,4,0,0,0,0,1,0,0,0,1,有文檔可以下載，大大縮短跟上課程所需要耗費的精力,[],0
579,深入淺出的講解讓我能完全明白整個應用的邏輯,4,0,0,0,0,1,0,0,1,1,深入淺出的講解讓我能完全明白整個應用的邏輯,[],0
580,總之，就是棒!!!!,4,0,0,0,0,1,0,0,0,1,總之，就是棒!!!!,[],0
581,"很淺顯易懂, 只從最簡單最常用的方法開始使用, 搭配上手練習, 可以很快記起來用法, 不容易被其他很少用的方法失焦",4,0,0,0,0,1,0,0,1,1,"很淺顯易懂, 只從最簡單最常用的方法開始使用, 搭配上手練習, 可以很快記起來用法, 不容易被其他很少用的方法失焦",[],0
582,"One of the greatest learning experiences in Udemy, it's my hope that 林粒粒 can create more courses",4,0,1,0,0,1,0,1,1,1,"One of the greatest learning experiences in Udemy, it's my hope that 林粒粒 can create more courses",[],0
583,这是我上过最好的 Python 网课！老师对基本概念的理解非常深刻，通过来自其他领域的类比和实例，将复杂的知识讲解得通俗易懂、令人豁然开朗,4,0,0,0,0,1,0,1,1,1,这是我上过最好的 Python 网课！老师对基本概念的理解非常深刻，通过来自其他领域的类比和实例，将复杂的知识讲解得通俗易懂、令人豁然开朗,[],0
584,课程结构精心设计，框架清晰，内容丰富，既不过分纠结于细枝末节，又能确保学员掌握足够的知,4,0,0,0,0,1,0,0,1,1,课程结构精心设计，框架清晰，内容丰富，既不过分纠结于细枝末节，又能确保学员掌握足够的知,[],0
585,全程停下來感覺還是挺難的，可能需要學習兩三遍,4,0,1,0,0,0,1,0,0,0,全程停下來感覺還是挺難的，可能需要學習兩三遍,[],0
586,最滿意的一點是，課程需要的資源全都可以下載，冲這一點，給滿分,4,0,0,0,0,1,0,0,1,1,最滿意的一點是，課程需要的資源全都可以下載，冲這一點，給滿分,[],0
587,謝謝！！,4,0,0,0,0,1,0,0,0,1,謝謝！！,[],0
588,投影片內容淺顯易懂，加上實作文件加深印象，適合初心者入門，推薦！,4,0,0,0,0,1,0,0,1,1,投影片內容淺顯易懂，加上實作文件加深印象，適合初心者入門，推薦！,[],0
589,Easy to understand,4,0,0,0,0,1,0,0,1,1,Easy to understand,[],0
590,教學非常清析深入淺出，非常容易吸收,4,0,0,0,0,1,0,0,1,1,教學非常清析深入淺出，非常容易吸收,[],0
591,到目前感觉不错，期待后续的课程,4,0,1,0,0,0,0,0,0,1,到目前感觉不错，期待后续的课程,[],0
592,赞👍,4,0,0,0,0,1,0,0,0,1,赞,['👍'],1
593,非常好,4,0,0,0,0,1,0,0,0,1,非常好,[],0
594,课程内容丰富多彩，提供了大量的实用工具，非常切近企业的经营与运营各项活动，给我们的不单单是理论的升华，也是快速实践的有效参考工具宝藏库，非常感谢老师！,4,0,0,0,0,1,0,0,1,1,课程内容丰富多彩，提供了大量的实用工具，非常切近企业的经营与运营各项活动，给我们的不单单是理论的升华，也是快速实践的有效参考工具宝藏库，非常感谢老师！,[],0
595,适合,4,0,0,0,0,1,0,0,0,1,适合,[],0
596,"整體而言不錯,但有以下缺點: 沒附程式碼, 講話有點口齒不清, 影片沒有字幕",4,0,0,1,0,0,1,0,0,0,"整體而言不錯,但有以下缺點: 沒附程式碼, 講話有點口齒不清, 影片沒有字幕",[],0
597,簡單清楚的介紹,4,0,0,0,0,1,0,0,1,1,簡單清楚的介紹,[],0
598,翻譯的品質有點不好，參雜很多個人語意,1,0,0,1,0,0,1,0,0,0,翻譯的品質有點不好，參雜很多個人語意,[],0
599,有些Code裡的變量名稱是英文就寫英文，根本不需要翻譯成中文，會造成混淆,0,0,0,1,0,0,0,0,0,0,有些Code裡的變量名稱是英文就寫英文，根本不需要翻譯成中文，會造成混淆,[],0
600,然後也不要自己弄英文縮寫又跟中文混雜，原文講什麼就翻什麼，這樣感覺有些偷懶… 但大部分的語意都能翻譯出來，還是要,1,0,0,1,0,0,0,0,0,0,然後也不要自己弄英文縮寫又跟中文混雜，原文講什麼就翻什麼，這樣感覺有些偷懶… 但大部分的語意都能翻譯出來，還是要,[],0
601,波爾茲曼機那邊是真心不明白在說什麼，翻譯品質上來說尚可,2,0,0,1,0,0,1,0,0,0,波爾茲曼機那邊是真心不明白在說什麼，翻譯品質上來說尚可,[],0
602,讚,4,0,0,0,0,1,0,0,0,1,讚,[],0
603,很好,4,0,0,0,0,1,0,0,0,1,很好,[],0
604,很適合初學者,4,0,0,0,0,1,0,0,1,1,很適合初學者,[],0
605,很不错,4,0,0,0,0,1,0,0,0,1,很不错,[],0
606,暂时可以,4,0,1,0,0,1,0,0,0,2,暂时可以,[],0
607,很棒,4,0,0,0,0,1,0,0,0,1,很棒,[],0
608,这门课程让学习 NLP 变得真正有趣，因为讲解清晰、结构严谨，能够建立强大的自信心，同时又能激励我继续学习。,4,0,0,0,0,1,0,0,1,1,这门课程让学习 NLP 变得真正有趣，因为讲解清晰、结构严谨，能够建立强大的自信心，同时又能激励我继续学习。,[],0
609,我对这门课程非常满意，因为它以合乎逻辑的方式呈现了NLP概念，这让我相信课程内容，并享受从始至终的学习过程。,4,0,0,0,0,1,0,0,1,1,我对这门课程非常满意，因为它以合乎逻辑的方式呈现了NLP概念，这让我相信课程内容，并享受从始至终的学习过程。,[],0
610,老师讲解清晰透彻，让我感到开心、自信，并兴奋地将这些概念应用到现实世界的问题中。,1,0,0,0,0,1,0,0,1,1,老师讲解清晰透彻，让我感到开心、自信，并兴奋地将这些概念应用到现实世界的问题中。,[],0
611,这门课程超出了我的预期，它用简单易懂、引人入胜的方式解释了复杂的NLP主题，让我全程都保持着兴趣和动力。,4,0,0,0,0,1,0,1,1,1,这门课程超出了我的预期，它用简单易懂、引人入胜的方式解释了复杂的NLP主题，让我全程都保持着兴趣和动力。,[],0
612,我非常喜欢这门课程，因为它帮助我一步步理解了NLP，同时让我对老师的教学方法产生了信任。,1,0,0,0,0,1,0,0,1,1,我非常喜欢这门课程，因为它帮助我一步步理解了NLP，同时让我对老师的教学方法产生了信任。,[],0
613,课程巧妙地平衡了理论与实践，使学习过程自然而富有动力，让人感到收获满满、乐在其中。,2,0,0,0,0,1,0,0,1,1,课程巧妙地平衡了理论与实践，使学习过程自然而富有动力，让人感到收获满满、乐在其中。,[],0
614,我对老师清晰透彻地讲解NLP概念的方式非常满意，这让我感到自信和兴奋，并渴望继续进步。,1,0,0,0,0,1,0,0,1,1,我对老师清晰透彻地讲解NLP概念的方式非常满意，这让我感到自信和兴奋，并渴望继续进步。,[],0
615,这门课程让我感觉学习NLP很轻松，因为讲解结构清晰、详细且易于理解。,2,0,0,0,0,1,0,0,0,1,这门课程让我感觉学习NLP很轻松，因为讲解结构清晰、详细且易于理解。,[],0
616,我非常享受这门课程的学习过程，因为它循序渐进地加深理解，并能保持高昂的学习动力。,4,0,0,0,0,1,0,0,0,1,我非常享受这门课程的学习过程，因为它循序渐进地加深理解，并能保持高昂的学习动力。,[],0
617,我对这门课程非常满意，因为它以一种结构化和激励性的方式帮助我学习了NLP。,4,0,0,0,0,1,0,0,0,1,我对这门课程非常满意，因为它以一种结构化和激励性的方式帮助我学习了NLP。,[],0
618,老师的讲解让学习NLP变得很有趣，也让我完全信任了这套教材。,1,0,0,0,0,1,0,0,0,1,老师的讲解让学习NLP变得很有趣，也让我完全信任了这套教材。,[],0
619,这门课程通过清晰地解释概念和鼓励持续学习，使学习NLP成为一种很有成就感的事情。,1,0,0,0,0,1,0,0,0,1,这门课程通过清晰地解释概念和鼓励持续学习，使学习NLP成为一种很有成就感的事情。,[],0
620,我喜欢这门课程以清晰易懂、引人入胜的方式讲解NLP理念，这有助于建立学员的自信心。,1,0,0,0,0,1,0,0,0,1,我喜欢这门课程以清晰易懂、引人入胜的方式讲解NLP理念，这有助于建立学员的自信心。,[],0
621,学习过程积极愉快，因为课程讲解得非常透彻，一步一步地完成了所有步骤。,1,0,0,0,0,1,0,0,0,1,学习过程积极愉快，因为课程讲解得非常透彻，一步一步地完成了所有步骤。,[],0
622,我对这门课程非常满意，因为它有效地结合了清晰度、结构性和激励性。,4,0,0,0,0,1,0,0,0,1,我对这门课程非常满意，因为它有效地结合了清晰度、结构性和激励性。,[],0
623,这门课程让我对在实践中应用NLP技巧充满信心和热情。,4,0,0,0,0,1,0,0,0,1,这门课程让我对在实践中应用NLP技巧充满信心和热情。,[],0
624,我非常喜欢这门课程，因为它让学习NLP变得既有趣又能增强自信心。,1,0,0,0,0,1,0,0,0,1,我非常喜欢这门课程，因为它让学习NLP变得既有趣又能增强自信心。,[],0
625,讲师对NLP概念的讲解清晰连贯，使学习过程流畅愉快。,1,0,0,0,0,1,0,0,0,1,讲师对NLP概念的讲解清晰连贯，使学习过程流畅愉快。,[],0
626,这门课程超出了我的预期，它把复杂的主题讲解得通俗易懂，而且富有启发性。,1,0,0,0,0,1,0,1,0,1,这门课程超出了我的预期，它把复杂的主题讲解得通俗易懂，而且富有启发性。,[],0
627,我很高兴能通过这门课程学习NLP，因为讲解清晰明了，条理分明。,1,0,0,0,0,1,0,0,0,1,我很高兴能通过这门课程学习NLP，因为讲解清晰明了，条理分明。,[],0
628,课程结构帮助我在学习NLP概念的过程中保持专注和自信。,1,0,0,0,0,1,0,0,0,1,课程结构帮助我在学习NLP概念的过程中保持专注和自信。,[],0
629,我对这门课程非常满意，因为它讲解清晰，循序渐进地建立理解。,4,0,0,0,0,1,0,0,0,1,我对这门课程非常满意，因为它讲解清晰，循序渐进地建立理解。,[],0
630,这门课程以合乎逻辑且易于理解的方式讲解概念，使学习NLP变得充满乐趣。,1,0,0,0,0,1,0,0,0,1,这门课程以合乎逻辑且易于理解的方式讲解概念，使学习NLP变得充满乐趣。,[],0
631,我非常享受这次学习经历，因为老师讲解概念非常细致清晰。,1,0,0,0,0,1,0,0,0,1,我非常享受这次学习经历，因为老师讲解概念非常细致清晰。,[],0
632,这门课程讲解清晰，让我对自己的NLP知识更有信心。,1,0,0,0,0,1,0,0,0,1,这门课程讲解清晰，让我对自己的NLP知识更有信心。,[],0
633,课程内容结构清晰，让我全程都感到动力十足，也很有成就感。,4,0,0,0,0,1,0,0,0,1,课程内容结构清晰，让我全程都感到动力十足，也很有成就感。,[],0
634,老师的教学风格使这门课程既有趣又值得信赖。,1,0,0,0,0,1,0,0,0,1,老师的教学风格使这门课程既有趣又值得信赖。,[],0
635,我喜欢这门课程，因为它以清晰、实用和激励人心的方式解释了NLP概念。,1,0,0,0,0,1,0,0,0,1,我喜欢这门课程，因为它以清晰、实用和激励人心的方式解释了NLP概念。,[],0
636,这门课程超出了我的预期，讲解清晰，学习体验流畅。,1,0,0,0,0,1,0,1,0,1,这门课程超出了我的预期，讲解清晰，学习体验流畅。,[],0
637,我对这门课程循序渐进的讲解方式非常满意。,4,0,0,0,0,1,0,0,0,1,我对这门课程循序渐进的讲解方式非常满意。,[],0
638,学习过程非常愉快，因为老师讲解得清晰透彻。,1,0,0,0,0,1,0,0,0,1,学习过程非常愉快，因为老师讲解得清晰透彻。,[],0
639,这门课程让NLP的学习变得更容易，也让我一直保持着学习动力。,1,0,0,0,0,1,0,0,0,1,这门课程让NLP的学习变得更容易，也让我一直保持着学习动力。,[],0
640,我喜欢这门课程的结构，因为它有助于清晰自信地学习。,4,0,0,0,0,1,0,0,0,1,我喜欢这门课程的结构，因为它有助于清晰自信地学习。,[],0
641,这些讲解让我对学习NLP充满信心和热情。,1,0,0,0,0,1,0,0,0,1,这些讲解让我对学习NLP充满信心和热情。,[],0
642,这门课程讲解清晰、组织有序，提供了非常积极的学习体验。,4,0,0,0,0,1,0,0,0,1,这门课程讲解清晰、组织有序，提供了非常积极的学习体验。,[],0
643,学习NLP让我感到很满意，因为内容讲解清晰且合乎逻辑。,1,0,0,0,0,1,0,0,0,1,学习NLP让我感到很满意，因为内容讲解清晰且合乎逻辑。,[],0
644,老师的讲解使这门课程既有趣又能增强自信心。,1,0,0,0,0,1,0,0,0,1,老师的讲解使这门课程既有趣又能增强自信心。,[],0
645,我喜欢通过这门课程学习NLP，因为课程内容结构清晰，易于理解。,2,0,0,0,0,1,0,0,0,1,我喜欢通过这门课程学习NLP，因为课程内容结构清晰，易于理解。,[],0
646,我喜欢这个学习过程，因为课程一步一步地讲解概念。,1,0,0,0,0,1,0,0,0,1,我喜欢这个学习过程，因为课程一步一步地讲解概念。,[],0
647,完成这门课程后，我感到自信和满意。,4,0,0,0,0,1,0,0,0,1,完成这门课程后，我感到自信和满意。,[],0
648,这门课程的结构使学习NLP既有趣又有效。,2,0,0,0,0,1,0,0,0,1,这门课程的结构使学习NLP既有趣又有效。,[],0
649,我非常喜欢整个课程清晰的讲解和条理分明的安排。,2,0,0,0,0,1,0,0,0,1,我非常喜欢整个课程清晰的讲解和条理分明的安排。,[],0
650,这门课程让学习NLP变得既容易又有成就感。,4,0,0,0,0,1,0,0,0,1,这门课程让学习NLP变得既容易又有成就感。,[],0
651,我对这门课程非常满意，因为它清晰地解释了NLP的概念，并增强了我的自信心。,4,0,0,0,0,1,0,0,0,1,我对这门课程非常满意，因为它清晰地解释了NLP的概念，并增强了我的自信心。,[],0
652,老师讲解清晰，使学习过程充满乐趣。,1,0,0,0,0,1,0,0,0,1,老师讲解清晰，使学习过程充满乐趣。,[],0
653,这门课程超出了我的预期，它让自然语言处理变得既有趣又容易理解。,4,0,0,0,0,1,0,1,0,1,这门课程超出了我的预期，它让自然语言处理变得既有趣又容易理解。,[],0
654,我很喜欢这门课程，因为它的内容逻辑清晰。,2,0,0,0,0,1,0,0,0,1,我很喜欢这门课程，因为它的内容逻辑清晰。,[],0
655,课程结构合理，学习体验积极向上，令人鼓舞。,2,0,0,0,0,1,0,0,0,1,课程结构合理，学习体验积极向上，令人鼓舞。,[],0
656,完成这门课程后，我对自己的NLP（神经语言程序学）理解能力更有信心了。,4,0,0,0,0,1,0,0,0,1,完成这门课程后，我对自己的NLP（神经语言程序学）理解能力更有信心了。,[],0
657,这门课程通过清晰透彻的讲解，使学习NLP变得充满乐趣。,1,0,0,0,0,1,0,0,0,1,这门课程通过清晰透彻的讲解，使学习NLP变得充满乐趣。,[],0
658,我很喜欢这个学习过程，因为老师讲解得非常清楚。,1,0,0,0,0,1,0,0,0,1,我很喜欢这个学习过程，因为老师讲解得非常清楚。,[],0
659,我对这门课程讲解NLP主题的方式非常满意。,4,0,0,0,0,1,0,0,0,1,我对这门课程讲解NLP主题的方式非常满意。,[],0
660,这门课程带来了一次非常愉快且增强自信心的学习体验😊,4,0,0,0,0,1,0,0,0,1,这门课程带来了一次非常愉快且增强自信心的学习体验,['😊'],1
661,学习NLP的过程令人兴奋且耳目一新，这要归功于课程清晰生动的讲解。,1,0,0,0,0,1,0,0,0,1,学习NLP的过程令人兴奋且耳目一新，这要归功于课程清晰生动的讲解。,[],0
662,课程以轻松有趣的方式讲解了NLP概念，让我感到非常高兴和印象深刻。,1,0,0,0,0,1,0,0,0,1,课程以轻松有趣的方式讲解了NLP概念，让我感到非常高兴和印象深刻。,[],0
663,这门课程结构清晰，使学习NLP变得出乎意料地轻松愉快。,2,0,0,0,0,1,0,1,0,1,这门课程结构清晰，使学习NLP变得出乎意料地轻松愉快。,[],0
664,老师讲解的NLP概念浅显易懂，让我感到既开心又惊喜。,1,0,0,0,0,1,0,1,0,1,老师讲解的NLP概念浅显易懂，让我感到既开心又惊喜。,[],0
665,这次学习经历非常愉快，因为课程的清晰度超出了我的预期。,4,0,0,0,0,1,0,0,0,1,这次学习经历非常愉快，因为课程的清晰度超出了我的预期。,[],0
666,课程内容生动有趣、通俗易懂，让我感到既兴奋又惊喜。,1,0,0,0,0,1,0,1,0,1,课程内容生动有趣、通俗易懂，让我感到既兴奋又惊喜。,[],0
667,这门课程以一种出人意料的简单方式呈现概念，使NLP学习变得有趣。,2,0,0,0,0,1,0,1,0,1,这门课程以一种出人意料的简单方式呈现概念，使NLP学习变得有趣。,[],0
668,我喜欢每一节课，学习NLP后我的自信心也让我感到惊讶。,4,0,0,0,0,1,0,1,0,1,我喜欢每一节课，学习NLP后我的自信心也让我感到惊讶。,[],0
669,这门课程以清晰易懂、引人入胜的方式讲解了NLP概念，带来了快乐和兴奋。,1,0,0,0,0,1,0,0,0,1,这门课程以清晰易懂、引人入胜的方式讲解了NLP概念，带来了快乐和兴奋。,[],0
670,我对老师的教学方法感到既高兴又印象深刻。,1,0,0,0,0,1,0,0,0,1,我对老师的教学方法感到既高兴又印象深刻。,[],0
671,这门课程超出了我的预期，让NLP学习成为一种愉快的体验。,4,0,0,0,0,1,0,0,0,1,这门课程超出了我的预期，让NLP学习成为一种愉快的体验。,[],0
672,课程对NLP基础知识的讲解非常清晰，这让我感到既高兴又惊喜。,1,0,0,0,0,1,0,1,0,1,课程对NLP基础知识的讲解非常清晰，这让我感到既高兴又惊喜。,[],0
673,通过这门课程学习NLP既有趣又出乎意料地激励人心。,4,0,0,0,0,1,0,1,0,1,通过这门课程学习NLP既有趣又出乎意料地激励人心。,[],0
674,课程内容生动有趣、讲解清晰，让我惊喜不已。,1,0,0,0,0,1,0,1,0,1,课程内容生动有趣、讲解清晰，让我惊喜不已。,[],0
675,这门课程通过细致入微的讲解，使人觉得NLP既令人兴奋又平易近人。,1,0,0,0,0,1,0,0,0,1,这门课程通过细致入微的讲解，使人觉得NLP既令人兴奋又平易近人。,[],0
676,在学习每个NLP主题的过程中，我都体验到了真正的乐趣和惊喜。,4,0,0,0,0,1,0,1,0,1,在学习每个NLP主题的过程中，我都体验到了真正的乐趣和惊喜。,[],0
677,学习过程令人愉快，因为课程质量超出了我的预期。,4,0,0,0,0,1,0,0,0,1,学习过程令人愉快，因为课程质量超出了我的预期。,[],0
678,老师讲解NLP概念的方式非常流畅，让我感到既兴奋又印象深刻。,1,0,0,0,0,1,0,0,0,1,老师讲解NLP概念的方式非常流畅，让我感到既兴奋又印象深刻。,[],0
679,这门课程让学习NLP变得有趣且出乎意料地容易理解。,1,0,0,0,0,1,0,1,0,1,这门课程让学习NLP变得有趣且出乎意料地容易理解。,[],0
680,解释得如此清晰，我感到既高兴又惊喜。,1,0,0,0,0,1,0,1,0,1,解释得如此清晰，我感到既高兴又惊喜。,[],0
681,通过这门课程学习NLP感觉既有成就感又令人兴奋。,4,0,0,0,0,1,0,0,0,1,通过这门课程学习NLP感觉既有成就感又令人兴奋。,[],0
682,课程使NLP概念生动有趣且易于理解，我感到非常高兴。,1,0,0,0,0,1,0,0,0,1,课程使NLP概念生动有趣且易于理解，我感到非常高兴。,[],0
683,这门课程超出了我的预期，让NLP学习变成了一种愉快的体验。,4,0,0,0,0,1,0,0,0,1,这门课程超出了我的预期，让NLP学习变成了一种愉快的体验。,[],0
684,课程内容比预想的更清晰易懂，这让我感到惊喜。,1,0,0,0,0,1,0,1,0,1,课程内容比预想的更清晰易懂，这让我感到惊喜。,[],0
685,多亏了老师的讲解，学习NLP的过程既令人兴奋又轻松愉快。,1,0,0,0,0,1,0,0,0,1,多亏了老师的讲解，学习NLP的过程既令人兴奋又轻松愉快。,[],0
686,我很喜欢这门课程，而且没想到自己会变得如此自信。,4,0,0,0,0,1,0,1,0,1,我很喜欢这门课程，而且没想到自己会变得如此自信。,[],0
687,这门课程让NLP学习变得结构化和引人入胜，从而带来了快乐。,2,0,0,0,0,1,0,0,0,1,这门课程让NLP学习变得结构化和引人入胜，从而带来了快乐。,[],0
688,课程将复杂的概念简化得如此简单易懂，我感到非常高兴和印象深刻。,2,0,0,0,0,1,0,0,0,1,课程将复杂的概念简化得如此简单易懂，我感到非常高兴和印象深刻。,[],0
689,学习NLP的过程既愉快又充满惊喜。,4,0,0,0,0,1,0,1,0,1,学习NLP的过程既愉快又充满惊喜。,[],0
690,老师的教学方法让NLP学习变得既有趣又容易上手。,1,0,0,0,0,1,0,0,0,1,老师的教学方法让NLP学习变得既有趣又容易上手。,[],0
691,这门课程超出了我的预期，让学习变得非常有趣。,4,0,0,0,0,1,0,0,0,1,这门课程超出了我的预期，让学习变得非常有趣。,[],0
692,学习NLP的过程让我感到很愉快，因为讲解清晰易懂，引人入胜。,1,0,0,0,0,1,0,0,0,1,学习NLP的过程让我感到很愉快，因为讲解清晰易懂，引人入胜。,[],0
693,这门课程让学习NLP变得出乎意料地有趣和有益。,4,0,0,0,0,1,0,1,0,1,这门课程让学习NLP变得出乎意料地有趣和有益。,[],0
694,随着课程内容变得越来越容易理解，我感到既开心又惊喜。,4,0,0,0,0,1,0,1,0,1,随着课程内容变得越来越容易理解，我感到既开心又惊喜。,[],0
695,通过这门课程学习NLP感觉既令人兴奋又充满动力。,4,0,0,0,0,1,0,0,0,1,通过这门课程学习NLP感觉既令人兴奋又充满动力。,[],0
696,课程的质量和清晰度让我惊喜不已。,2,0,0,0,0,1,0,1,0,1,课程的质量和清晰度让我惊喜不已。,[],0
697,这门课程通过清晰地解释概念，使NLP学习变得有趣。,1,0,0,0,0,1,0,0,0,1,这门课程通过清晰地解释概念，使NLP学习变得有趣。,[],0
698,我对老师的教学方式感到既兴奋又印象深刻。,1,0,0,0,0,1,0,0,0,1,我对老师的教学方式感到既兴奋又印象深刻。,[],0
699,通过这门课程，学习NLP变成了一种愉快的体验。,4,0,0,0,0,1,0,0,0,1,通过这门课程，学习NLP变成了一种愉快的体验。,[],0
700,我很喜欢这门课程，NLP的平易近人程度也让我感到很惊喜。,4,0,0,0,0,1,0,1,0,1,我很喜欢这门课程，NLP的平易近人程度也让我感到很惊喜。,[],0
701,这门课程超出了我的预期，学习过程非常愉快。,4,0,0,0,0,1,0,0,0,1,这门课程超出了我的预期，学习过程非常愉快。,[],0
702,NLP解释的清晰易懂让我感到既高兴又印象深刻。,1,0,0,0,0,1,0,0,0,1,NLP解释的清晰易懂让我感到既高兴又印象深刻。,[],0
703,学习NLP既令人兴奋又出乎意料地顺利。,4,0,0,0,0,1,0,1,0,1,学习NLP既令人兴奋又出乎意料地顺利。,[],0
704,课程效果超出我的预期，我感到非常开心。,4,0,0,0,0,1,0,0,0,1,课程效果超出我的预期，我感到非常开心。,[],0
705,这门课程让NLP学习变得既有趣又愉快。,1,0,0,0,0,1,0,0,0,1,这门课程让NLP学习变得既有趣又愉快。,[],0
706,我惊喜地发现自己非常喜欢这些课程。,4,0,0,0,0,1,0,1,0,1,我惊喜地发现自己非常喜欢这些课程。,[],0
707,通过这门课程学习NLP感觉既令人兴奋又很有成就感。,4,0,0,0,0,1,0,0,0,1,通过这门课程学习NLP感觉既令人兴奋又很有成就感。,[],0
708,我对内容的呈现方式感到满意和满意。,1,0,0,0,0,1,0,0,0,1,我对内容的呈现方式感到满意和满意。,[],0
709,这门课程超出了我的预期，让学习NLP变得非常有趣。,4,0,0,0,0,1,0,0,0,1,这门课程超出了我的预期，让学习NLP变得非常有趣。,[],0
710,课程使复杂的概念变得易于理解，这让我感到很开心。,2,0,0,0,0,1,0,0,0,1,课程使复杂的概念变得易于理解，这让我感到很开心。,[],0
711,学习NLP的过程既令人兴奋又轻松愉快。,4,0,0,0,0,1,0,0,0,1,学习NLP的过程既令人兴奋又轻松愉快。,[],0
712,学习NLP的过程让我感到很愉快，因为讲解清晰易懂，引人入胜。,1,0,0,0,0,1,0,0,0,1,学习NLP的过程让我感到很愉快，因为讲解清晰易懂，引人入胜。,[],0
713,这门课程让学习NLP变得出乎意料地有趣。,4,0,0,0,0,1,0,1,0,1,这门课程让学习NLP变得出乎意料地有趣。,[],0
714,课程效果超出我的预期，让我感到非常惊喜。,4,0,0,0,0,1,0,1,0,1,课程效果超出我的预期，让我感到非常惊喜。,[],0
715,通过这门课程学习NLP感觉既令人兴奋又充满动力。,4,0,0,0,0,1,0,0,0,1,通过这门课程学习NLP感觉既令人兴奋又充满动力。,[],0
716,讲解的质量让我惊喜。,2,0,0,0,0,1,0,1,0,1,讲解的质量让我惊喜。,[],0
717,这门课程让NLP学习变得有趣且易于上手。,4,0,0,0,0,1,0,0,0,1,这门课程让NLP学习变得有趣且易于上手。,[],0
718,老师讲解概念的方式让我感到既高兴又印象深刻。,1,0,0,0,0,1,0,0,0,1,老师讲解概念的方式让我感到既高兴又印象深刻。,[],0
719,这门课程让学习NLP变成了一种愉快的体验。,4,0,0,0,0,1,0,0,0,1,这门课程让学习NLP变成了一种愉快的体验。,[],0
720,我很喜欢这些课程，而且我惊讶地发现自己变得如此自信。,4,0,0,0,0,1,0,1,0,1,我很喜欢这些课程，而且我惊讶地发现自己变得如此自信。,[],0
721,这门课程超出了我的预期，学习过程非常愉快。,4,0,0,0,0,1,0,0,0,1,这门课程超出了我的预期，学习过程非常愉快。,[],0
722,通过这门课程学习NLP，我感到既快乐又兴奋。,4,0,0,0,0,1,0,0,0,1,通过这门课程学习NLP，我感到既快乐又兴奋。,[],0
723,这门课程让NLP学习变得出乎意料地轻松愉快。,4,0,0,0,0,1,0,1,0,1,这门课程让NLP学习变得出乎意料地轻松愉快。,[],0
724,课程内容比预期的更清晰易懂，这让我感到很开心。,2,0,0,0,0,1,0,0,0,1,课程内容比预期的更清晰易懂，这让我感到很开心。,[],0
725,课程结构合理，学习NLP的过程令人兴奋。,2,0,0,0,0,1,0,0,0,1,课程结构合理，学习NLP的过程令人兴奋。,[],0
726,内容的吸引力让我惊喜不已。,2,0,0,0,0,1,0,1,0,1,内容的吸引力让我惊喜不已。,[],0
727,这门课程让学习NLP变得既有趣又有成就感。,4,0,0,0,0,1,0,0,0,1,这门课程让学习NLP变得既有趣又有成就感。,[],0
728,我对老师清晰的讲解感到既高兴又印象深刻。,1,0,0,0,0,1,0,0,0,1,我对老师清晰的讲解感到既高兴又印象深刻。,[],0
729,通过这门课程，学习NLP变得既有趣又令人兴奋。,4,0,0,0,0,1,0,0,0,1,通过这门课程，学习NLP变得既有趣又令人兴奋。,[],0
730,我很喜欢这门课程，NLP 的易学程度也让我感到很惊喜。,4,0,0,0,0,1,0,1,0,1,我很喜欢这门课程，NLP 的易学程度也让我感到很惊喜。,[],0
731,这门课程超出了我的预期，让学习变得非常有趣。,4,0,0,0,0,1,0,0,0,1,这门课程超出了我的预期，让学习变得非常有趣。,[],0
732,学习NLP让我感到很开心，因为讲解方式很吸引人。,1,0,0,0,0,1,0,0,0,1,学习NLP让我感到很开心，因为讲解方式很吸引人。,[],0
733,这门课程让NLP学习变得出乎意料地有趣。,4,0,0,0,0,1,0,1,0,1,这门课程让NLP学习变得出乎意料地有趣。,[],0
734,课程效果超出预期，让我感到非常惊喜。,4,0,0,0,0,1,0,1,0,1,课程效果超出预期，让我感到非常惊喜。,[],0
735,通过这门课程学习NLP感觉很令人兴奋。,4,0,0,0,0,1,0,0,0,1,通过这门课程学习NLP感觉很令人兴奋。,[],0
736,解释得非常清楚，这让我感到惊喜。,1,0,0,0,0,1,0,1,0,1,解释得非常清楚，这让我感到惊喜。,[],0
737,这门课程让学习NLP变得有趣且充满动力。,4,0,0,0,0,1,0,0,0,1,这门课程让学习NLP变得有趣且充满动力。,[],0
738,我对老师的教学感到满意和印象深刻。,1,0,0,0,0,1,0,0,0,1,我对老师的教学感到满意和印象深刻。,[],0
739,通过这门课程，学习NLP变成了一种愉快的体验。,4,0,0,0,0,1,0,0,0,1,通过这门课程，学习NLP变成了一种愉快的体验。,[],0
740,我很喜欢这些课程，而且课程讲解得非常清晰，这让我感到很惊喜。,2,0,0,0,0,1,0,1,0,1,我很喜欢这些课程，而且课程讲解得非常清晰，这让我感到很惊喜。,[],0
741,这门课程超出了我的预期，学习过程非常愉快。,4,0,0,0,0,1,0,0,0,1,这门课程超出了我的预期，学习过程非常愉快。,[],0
742,在这门课程中学习NLP的过程中，我感到既快乐又兴奋。,4,0,0,0,0,1,0,0,0,1,在这门课程中学习NLP的过程中，我感到既快乐又兴奋。,[],0
743,这门课程让NLP学习变得出乎意料地顺利。,4,0,0,0,0,1,0,1,0,1,这门课程让NLP学习变得出乎意料地顺利。,[],0
744,课程安排合理，让我感到很开心。,2,0,0,0,0,1,0,0,0,1,课程安排合理，让我感到很开心。,[],0
745,学习NLP的过程令人兴奋且充满乐趣。,4,0,0,0,0,1,0,0,0,1,学习NLP的过程令人兴奋且充满乐趣。,[],0
746,教学质量令我惊喜。,2,0,0,0,0,1,0,1,0,1,教学质量令我惊喜。,[],0
747,这门课程让学习NLP变得有趣且容易。,4,0,0,0,0,1,0,0,0,1,这门课程让学习NLP变得有趣且容易。,[],0
748,我对概念的解释方式感到既高兴又印象深刻。,1,0,0,0,0,1,0,0,0,1,我对概念的解释方式感到既高兴又印象深刻。,[],0
749,学习NLP成了一次快乐而有益的经历。,4,0,1,0,0,1,0,0,0,1,学习NLP成了一次快乐而有益的经历。,[],0
750,我很喜欢这门课程，而且对自己的进步感到惊讶。,4,0,1,0,0,1,0,1,0,1,我很喜欢这门课程，而且对自己的进步感到惊讶。,[],0
751,这门课程超出了我的预期，让学习变得非常有趣。,4,0,1,0,0,1,0,0,0,1,这门课程超出了我的预期，让学习变得非常有趣。,[],0
752,学习NLP的过程让我感到很愉快，因为讲解非常清晰易懂。,1,0,1,0,0,1,0,0,0,1,学习NLP的过程让我感到很愉快，因为讲解非常清晰易懂。,[],0
753,这门课程让NLP学习变得出乎意料地有趣。,4,0,1,0,0,1,0,1,0,1,这门课程让NLP学习变得出乎意料地有趣。,[],0
754,每一堂课都给我带来了惊喜。,4,0,1,0,0,1,0,1,0,1,每一堂课都给我带来了惊喜。,[],0
755,通过这门课程学习NLP感觉很令人兴奋。,4,0,1,0,0,1,0,0,0,1,通过这门课程学习NLP感觉很令人兴奋。,[],0
756,教材的易懂程度让我惊喜不已。,2,0,1,0,0,1,0,1,0,1,教材的易懂程度让我惊喜不已。,[],0
757,这门课程让学习NLP变得既有趣又有成就感。,4,0,1,0,0,1,0,0,0,1,这门课程让学习NLP变得既有趣又有成就感。,[],0
758,我对这种教学方式感到满意和印象深刻。,1,0,1,0,0,1,0,0,0,1,我对这种教学方式感到满意和印象深刻。,[],0
759,在这里，学习NLP变成了一种快乐的体验。,4,0,0,0,0,1,0,0,0,1,在这里，学习NLP变成了一种快乐的体验。,[],0
760,我很喜欢这些课程，而且课程进行得非常顺利，这让我感到很惊喜。,4,0,1,0,0,1,0,1,0,1,我很喜欢这些课程，而且课程进行得非常顺利，这让我感到很惊喜。,[],0
761,这门课程超出了我的预期，学习过程非常愉快。,4,0,1,0,0,1,0,0,0,1,这门课程超出了我的预期，学习过程非常愉快。,[],0
762,在这门课程中学习NLP，我感到既快乐又兴奋。,4,0,1,0,0,1,0,0,0,1,在这门课程中学习NLP，我感到既快乐又兴奋。,[],0
763,这门课程让NLP学习变得出乎意料地容易。,4,0,1,0,0,1,0,1,0,1,这门课程让NLP学习变得出乎意料地容易。,[],0
764,课程效果超出预期，让我感到非常开心。,4,0,1,0,0,1,0,0,0,1,课程效果超出预期，让我感到非常开心。,[],0
765,清晰的讲解让学习NLP变得令人兴奋。,1,0,1,0,0,1,0,0,0,1,清晰的讲解让学习NLP变得令人兴奋。,[],0
766,内容的吸引力让我惊喜不已。,2,0,1,0,0,1,0,1,0,1,内容的吸引力让我惊喜不已。,[],0
767,这门课程让学习NLP变得有趣且充满动力。,4,0,1,0,0,1,0,0,0,1,这门课程让学习NLP变得有趣且充满动力。,[],0
768,我对老师的教学方法感到满意和印象深刻。,1,0,1,0,0,1,0,0,0,1,我对老师的教学方法感到满意和印象深刻。,[],0
769,通过这门课程，学习NLP变成了一段快乐的旅程。,4,0,1,0,0,1,0,0,0,1,通过这门课程，学习NLP变成了一段快乐的旅程。,[],0
770,我很喜欢这门课程，而且对自己的理解能力感到惊讶。,4,0,1,0,0,1,0,1,0,1,我很喜欢这门课程，而且对自己的理解能力感到惊讶。,[],0
771,这门课程超出了我的预期，让学习变得非常有趣。,4,0,1,0,0,1,0,0,0,1,这门课程超出了我的预期，让学习变得非常有趣。,[],0
772,学习NLP让我感到很快乐，因为课程内容很有趣。,1,0,1,0,0,1,0,0,0,1,学习NLP让我感到很快乐，因为课程内容很有趣。,[],0
773,这门课程让NLP学习变得出乎意料地顺利。,4,0,1,0,0,1,0,1,0,1,这门课程让NLP学习变得出乎意料地顺利。,[],0
774,每个话题都让我感到惊喜。,4,0,1,0,0,1,0,1,0,1,每个话题都让我感到惊喜。,[],0
775,通过这门课程学习NLP感觉很令人兴奋。,4,0,1,0,0,1,0,0,0,1,通过这门课程学习NLP感觉很令人兴奋。,[],0
776,解释得如此清晰，让我感到惊喜。,1,0,1,0,0,1,0,1,0,1,解释得如此清晰，让我感到惊喜。,[],0
777,这门课程让学习NLP变得有趣且容易。,4,0,1,0,0,1,0,0,0,1,这门课程让学习NLP变得有趣且容易。,[],0
778,我对概念解释得如此清晰透彻感到既高兴又印象深刻。,1,0,1,0,0,1,0,0,0,1,我对概念解释得如此清晰透彻感到既高兴又印象深刻。,[],0
779,在这里，学习NLP变成了一种快乐的体验。,4,0,0,0,0,1,0,0,0,1,在这里，学习NLP变成了一种快乐的体验。,[],0
780,我很喜欢这些课程，学习过程也让我感到惊喜。,4,0,1,0,0,1,0,1,0,1,我很喜欢这些课程，学习过程也让我感到惊喜。,[],0
781,这门课程超出了我的预期，学习过程非常愉快。,4,0,1,0,0,1,0,0,0,1,这门课程超出了我的预期，学习过程非常愉快。,[],0
782,学习NLP的过程中，我感到既快乐又兴奋。,4,0,1,0,0,1,0,0,0,1,学习NLP的过程中，我感到既快乐又兴奋。,[],0
783,这门课程让NLP学习变得出乎意料地有趣。,4,0,1,0,0,1,0,1,0,1,这门课程让NLP学习变得出乎意料地有趣。,[],0
784,课程效果超出预期，让我感到非常开心。,4,0,1,0,0,1,0,0,0,1,课程效果超出预期，让我感到非常开心。,[],0
785,学习NLP让我感到既兴奋又充满动力。,4,0,1,0,0,1,0,0,0,1,学习NLP让我感到既兴奋又充满动力。,[],0
786,内容的吸引力让我惊喜不已。,2,0,1,0,0,1,0,1,0,1,内容的吸引力让我惊喜不已。,[],0
787,这门课程让学习NLP变得既有趣又有成就感。,4,0,1,0,0,1,0,0,0,1,这门课程让学习NLP变得既有趣又有成就感。,[],0
788,我对老师清晰的讲解感到既高兴又印象深刻。,1,0,1,0,0,1,0,0,0,1,我对老师清晰的讲解感到既高兴又印象深刻。,[],0
789,通过这门课程，学习NLP变成了一种愉快的体验。,4,0,0,0,0,1,0,0,0,1,通过这门课程，学习NLP变成了一种愉快的体验。,[],0
790,我很喜欢这些课程，而且我的自信心也让我感到惊讶。,4,0,1,0,0,1,0,1,0,1,我很喜欢这些课程，而且我的自信心也让我感到惊讶。,[],0
791,这门课程超出了我的预期，让学习变得非常有趣。,4,0,1,0,0,1,0,0,0,1,这门课程超出了我的预期，让学习变得非常有趣。,[],0
792,学习NLP的过程让我感到很愉快，因为讲解非常清晰易懂。,1,0,1,0,0,1,0,0,0,1,学习NLP的过程让我感到很愉快，因为讲解非常清晰易懂。,[],0
793,这门课程让NLP学习变得出乎意料地有趣。,4,0,1,0,0,1,0,1,0,1,这门课程让NLP学习变得出乎意料地有趣。,[],0
794,教学质量让我感到非常惊喜。,1,0,1,0,0,1,0,1,0,1,教学质量让我感到非常惊喜。,[],0
795,通过这门课程学习NLP感觉很令人兴奋。,4,0,1,0,0,1,0,0,0,1,通过这门课程学习NLP感觉很令人兴奋。,[],0
796,课程进行得非常顺利，这让我感到惊喜。,2,0,1,0,0,1,0,1,0,1,课程进行得非常顺利，这让我感到惊喜。,[],0
797,这门课程让学习NLP变得有趣且充满动力。,4,0,1,0,0,1,0,0,0,1,这门课程让学习NLP变得有趣且充满动力。,[],0
798,我对老师的教学方法感到满意和印象深刻。,1,0,1,0,0,1,0,0,0,1,我对老师的教学方法感到满意和印象深刻。,[],0
799,学习NLP成了一段快乐的旅程。,4,0,0,0,0,1,0,0,0,1,学习NLP成了一段快乐的旅程。,[],0
800,我很喜欢这些课程，而且对自己的进步感到惊讶。,4,0,1,0,0,1,0,1,0,1,我很喜欢这些课程，而且对自己的进步感到惊讶。,[],0
801,这门课程超出了我的预期，学习过程非常愉快。,4,0,1,0,0,1,0,0,0,1,这门课程超出了我的预期，学习过程非常愉快。,[],0
802,在这门课程中学习NLP，我感到既快乐又兴奋。,4,0,1,0,0,1,0,0,0,1,在这门课程中学习NLP，我感到既快乐又兴奋。,[],0
803,这门课程让NLP学习变得出乎意料地容易。,4,0,1,0,0,1,0,1,0,1,这门课程让NLP学习变得出乎意料地容易。,[],0
804,课程效果超出预期，让我感到非常开心。,4,0,1,0,0,1,0,0,0,1,课程效果超出预期，让我感到非常开心。,[],0
805,课程结构合理，学习NLP的过程令人兴奋。,2,0,1,0,0,1,0,0,0,1,课程结构合理，学习NLP的过程令人兴奋。,[],0
806,解释得如此清晰，让我感到惊喜。,1,0,1,0,0,1,0,1,0,1,解释得如此清晰，让我感到惊喜。,[],0
807,这门课程让学习NLP变得既有趣又有成就感。,4,0,1,0,0,1,0,0,0,1,这门课程让学习NLP变得既有趣又有成就感。,[],0
808,我对概念解释得如此清晰透彻感到既高兴又印象深刻。,1,0,1,0,0,1,0,0,0,1,我对概念解释得如此清晰透彻感到既高兴又印象深刻。,[],0
809,在这里，学习NLP变成了一种快乐的体验。,4,0,0,0,0,1,0,0,0,1,在这里，学习NLP变成了一种快乐的体验。,[],0
810,我很喜欢这些课程，而且对自己的理解能力感到惊讶。,4,0,1,0,0,1,0,1,0,1,我很喜欢这些课程，而且对自己的理解能力感到惊讶。,[],0
811,这门课程超出了我的预期，让学习变得非常有趣。,4,0,1,0,0,1,0,0,0,1,这门课程超出了我的预期，让学习变得非常有趣。,[],0
812,学习NLP让我感到很快乐，因为课程内容很有趣。,1,0,1,0,0,1,0,0,0,1,学习NLP让我感到很快乐，因为课程内容很有趣。,[],0
813,这门课程让NLP学习变得出乎意料地顺利。,4,0,1,0,0,1,0,1,0,1,这门课程让NLP学习变得出乎意料地顺利。,[],0
814,每个话题都让我感到惊喜。,4,0,1,0,0,1,0,1,0,1,每个话题都让我感到惊喜。,[],0
815,通过这门课程学习NLP感觉很令人兴奋。,4,0,1,0,0,1,0,0,0,1,通过这门课程学习NLP感觉很令人兴奋。,[],0
816,教材的易懂程度让我惊喜不已。,2,0,1,0,0,1,0,1,0,1,教材的易懂程度让我惊喜不已。,[],0
817,这门课程让学习NLP变得有趣且充满动力。,4,0,1,0,0,1,0,0,0,1,这门课程让学习NLP变得有趣且充满动力。,[],0
818,我对老师的教学方式感到满意和印象深刻。,1,0,1,0,0,1,0,0,0,1,我对老师的教学方式感到满意和印象深刻。,[],0
819,学习NLP成了一段快乐的旅程。,4,0,0,0,0,1,0,0,0,1,学习NLP成了一段快乐的旅程。,[],0
820,我很喜欢这些课程，学习过程也让我感到惊喜。,4,0,1,0,0,1,0,1,0,1,我很喜欢这些课程，学习过程也让我感到惊喜。,[],0
821,这门课程超出了我的预期，学习过程非常愉快。,4,0,1,0,0,1,0,0,0,1,这门课程超出了我的预期，学习过程非常愉快。,[],0
822,学习NLP的过程中，我感到既快乐又兴奋。,4,0,0,0,0,1,0,0,0,1,学习NLP的过程中，我感到既快乐又兴奋。,[],0
823,这门课程让NLP学习变得出乎意料地有趣。,4,0,0,0,0,1,0,1,0,1,这门课程让NLP学习变得出乎意料地有趣。,[],0
824,课程效果超出预期，让我感到非常开心。,4,0,0,0,0,1,0,0,0,1,课程效果超出预期，让我感到非常开心。,[],0
825,学习NLP感觉既令人兴奋又引人入胜。,4,0,0,0,0,1,0,0,0,1,学习NLP感觉既令人兴奋又引人入胜。,[],0
826,讲解的质量让我惊喜。,2,0,0,0,0,1,0,1,0,1,讲解的质量让我惊喜。,[],0
827,这门课程让学习NLP变得有趣且容易。,4,0,0,0,0,1,0,0,0,1,这门课程让学习NLP变得有趣且容易。,[],0
828,我对概念的呈现方式感到高兴和印象深刻。,1,0,0,0,0,1,0,0,0,1,我对概念的呈现方式感到高兴和印象深刻。,[],0
829,通过这门课程，学习NLP变成了一种愉快的体验。,4,0,0,0,0,1,0,0,0,1,通过这门课程，学习NLP变成了一种愉快的体验。,[],0
830,我很喜欢这些课程，而且我的自信心也让我感到惊讶。,4,0,0,0,0,1,0,1,0,1,我很喜欢这些课程，而且我的自信心也让我感到惊讶。,[],0
831,这门课程超出了我的预期，让学习变得非常有趣。,4,0,0,0,0,1,0,0,0,1,这门课程超出了我的预期，让学习变得非常有趣。,[],0
832,学习NLP的过程让我感到很愉快，因为讲解非常清晰易懂。,1,0,0,0,0,1,0,0,0,1,学习NLP的过程让我感到很愉快，因为讲解非常清晰易懂。,[],0
833,这门课程让NLP学习变得出乎意料地有趣。,4,0,0,0,0,1,0,1,0,1,这门课程让NLP学习变得出乎意料地有趣。,[],0
834,课程结构让我感到惊喜。,4,0,0,0,0,1,0,1,0,1,课程结构让我感到惊喜。,[],0
835,通过这门课程学习NLP感觉很令人兴奋。,4,0,0,0,0,1,0,0,0,1,通过这门课程学习NLP感觉很令人兴奋。,[],0
836,学习过程的顺利程度让我惊喜不已。,2,0,0,0,0,1,0,1,0,1,学习过程的顺利程度让我惊喜不已。,[],0
837,这门课程让学习NLP变得有趣且充满动力。,4,0,0,0,0,1,0,0,0,1,这门课程让学习NLP变得有趣且充满动力。,[],0
838,我对老师清晰的讲解感到既高兴又印象深刻。,1,0,0,0,0,1,0,0,0,1,我对老师清晰的讲解感到既高兴又印象深刻。,[],0
839,在这里，学习NLP变成了一段快乐的旅程。,4,0,0,0,0,1,0,0,0,1,在这里，学习NLP变成了一段快乐的旅程。,[],0
840,我很喜欢这些课程，而且对自己的进步感到惊讶。,4,0,0,0,0,1,0,1,0,1,我很喜欢这些课程，而且对自己的进步感到惊讶。,[],0
841,这门课程超出了我的预期，学习过程非常愉快。,4,0,0,0,0,1,0,0,0,1,这门课程超出了我的预期，学习过程非常愉快。,[],0
842,在这门课程中学习NLP，我感到既快乐又兴奋。,4,0,0,0,0,1,0,0,0,1,在这门课程中学习NLP，我感到既快乐又兴奋。,[],0
843,这门课程让NLP学习变得出乎意料地容易。,4,0,0,0,0,1,0,1,0,1,这门课程让NLP学习变得出乎意料地容易。,[],0
844,课程效果超出预期，让我感到非常开心。,4,0,0,0,0,1,0,0,0,1,课程效果超出预期，让我感到非常开心。,[],0
845,清晰的讲解让学习NLP变得令人兴奋。,1,0,0,0,0,1,0,0,0,1,清晰的讲解让学习NLP变得令人兴奋。,[],0
846,内容的吸引力让我惊喜不已。,2,0,0,0,0,1,0,1,0,1,内容的吸引力让我惊喜不已。,[],0
847,这门课程让学习NLP变得既有趣又有成就感。,4,0,0,0,0,1,0,0,0,1,这门课程让学习NLP变得既有趣又有成就感。,[],0
848,老师讲解概念的方式让我感到既高兴又印象深刻。,1,0,0,0,0,1,0,0,0,1,老师讲解概念的方式让我感到既高兴又印象深刻。,[],0
849,在这里，学习NLP变成了一种快乐的体验。,4,0,0,0,0,1,0,0,0,1,在这里，学习NLP变成了一种快乐的体验。,[],0
850,我很喜欢这些课程，而且对自己的理解能力感到惊讶。,4,0,0,0,0,1,0,1,0,1,我很喜欢这些课程，而且对自己的理解能力感到惊讶。,[],0
851,这门课程超出了我的预期，让学习变得非常有趣。,4,0,0,0,0,1,0,0,0,1,这门课程超出了我的预期，让学习变得非常有趣。,[],0
852,学习NLP让我感到很快乐，因为课程内容很有趣。,1,0,0,0,0,1,0,0,0,1,学习NLP让我感到很快乐，因为课程内容很有趣。,[],0
853,这门课程让NLP学习变得出乎意料地顺利。,4,0,0,0,0,1,0,1,0,1,这门课程让NLP学习变得出乎意料地顺利。,[],0
854,每个话题都让我感到惊喜。,4,0,0,0,0,1,0,1,0,1,每个话题都让我感到惊喜。,[],0
855,通过这门课程学习NLP感觉很令人兴奋。,4,0,0,0,0,1,0,0,0,1,通过这门课程学习NLP感觉很令人兴奋。,[],0
856,材料的清晰度让我惊喜不已。,2,0,0,0,0,1,0,1,0,1,材料的清晰度让我惊喜不已。,[],0
857,这门课程让学习NLP变得有趣且充满动力。,4,0,0,0,0,1,0,0,0,1,这门课程让学习NLP变得有趣且充满动力。,[],0
858,我对老师的教学方式感到满意和印象深刻。,1,0,0,0,0,1,0,0,0,1,我对老师的教学方式感到满意和印象深刻。,[],0
859,学习NLP成了一段快乐的旅程。,4,0,0,0,0,1,0,0,0,1,学习NLP成了一段快乐的旅程。,[],0
860,我很喜欢这些课程，学习过程也让我感到惊喜。,4,0,0,0,0,1,0,1,0,1,我很喜欢这些课程，学习过程也让我感到惊喜。,[],0
861,这门课程超出了我的预期，学习过程非常愉快。,4,0,0,0,0,1,0,0,0,1,这门课程超出了我的预期，学习过程非常愉快。,[],0
862,学习NLP的过程中，我感到既快乐又兴奋。,4,0,0,0,0,1,0,0,0,1,学习NLP的过程中，我感到既快乐又兴奋。,[],0
863,这门课程让NLP学习变得出乎意料地有趣。,4,0,0,0,0,1,0,1,0,1,这门课程让NLP学习变得出乎意料地有趣。,[],0
864,课程效果超出预期，让我感到非常开心。,4,0,0,0,0,1,0,0,0,1,课程效果超出预期，让我感到非常开心。,[],0
865,学习NLP感觉既令人兴奋又引人入胜。,4,0,0,0,0,1,0,0,0,1,学习NLP感觉既令人兴奋又引人入胜。,[],0
866,解释得如此清晰，让我感到惊喜。,1,0,0,0,0,1,0,1,0,1,解释得如此清晰，让我感到惊喜。,[],0
867,这门课程让学习NLP变得有趣且容易。,4,0,0,0,0,1,0,0,0,1,这门课程让学习NLP变得有趣且容易。,[],0
868,我对概念的呈现方式感到高兴和印象深刻。,1,0,0,0,0,1,0,0,0,1,我对概念的呈现方式感到高兴和印象深刻。,[],0
869,通过这门课程，学习NLP变成了一种愉快的体验。,4,0,0,0,0,1,0,0,0,1,通过这门课程，学习NLP变成了一种愉快的体验。,[],0
870,我很喜欢这些课程，而且我的自信心也让我感到惊讶。,4,0,0,0,0,1,0,1,0,1,我很喜欢这些课程，而且我的自信心也让我感到惊讶。,[],0
871,这门课程超出了我的预期，让学习变得非常有趣。,4,0,0,0,0,1,0,0,0,1,这门课程超出了我的预期，让学习变得非常有趣。,[],0
872,学习NLP的过程让我感到很愉快，因为讲解非常清晰易懂。,1,0,0,0,0,1,0,0,0,1,学习NLP的过程让我感到很愉快，因为讲解非常清晰易懂。,[],0
873,这门课程让NLP学习变得出乎意料地有趣。,4,0,0,0,0,1,0,1,0,1,这门课程让NLP学习变得出乎意料地有趣。,[],0
874,课程结构让我感到惊喜。,4,0,0,0,0,1,0,1,0,1,课程结构让我感到惊喜。,[],0
875,通过这门课程学习NLP感觉很令人兴奋。,4,0,0,0,0,1,0,0,0,1,通过这门课程学习NLP感觉很令人兴奋。,[],0
876,学习过程的顺利程度让我惊喜不已。,2,0,0,0,0,1,0,1,0,1,学习过程的顺利程度让我惊喜不已。,[],0
877,这门课程让学习NLP变得有趣且充满动力。,4,0,0,0,0,1,0,0,0,1,这门课程让学习NLP变得有趣且充满动力。,[],0
878,我对老师清晰的讲解感到既高兴又印象深刻。,1,0,0,0,0,1,0,0,0,1,我对老师清晰的讲解感到既高兴又印象深刻。,[],0
879,在这里，学习NLP变成了一段快乐的旅程。,4,0,0,0,0,1,0,0,0,1,在这里，学习NLP变成了一段快乐的旅程。,[],0
880,我很喜欢这些课程，而且对自己的进步感到惊讶。,4,0,0,0,0,1,0,1,0,1,我很喜欢这些课程，而且对自己的进步感到惊讶。,[],0
881,这门课程超出了我的预期，让学习变得非常有趣。,4,0,0,0,0,1,0,0,0,1,这门课程超出了我的预期，让学习变得非常有趣。,[],0
882,在这门课程中学习NLP，我感到既快乐又兴奋。,4,0,0,0,0,1,0,0,0,1,在这门课程中学习NLP，我感到既快乐又兴奋。,[],0
883,这门课程让NLP学习变得出乎意料地容易。,4,0,0,0,0,1,0,1,0,1,这门课程让NLP学习变得出乎意料地容易。,[],0
884,课程效果超出预期，让我感到非常开心。,4,0,0,0,0,1,0,0,0,1,课程效果超出预期，让我感到非常开心。,[],0
885,清晰的讲解让学习NLP变得令人兴奋。,1,0,0,0,0,1,0,0,0,1,清晰的讲解让学习NLP变得令人兴奋。,[],0
886,内容的吸引力让我惊喜不已。,2,0,0,0,0,1,0,1,0,1,内容的吸引力让我惊喜不已。,[],0
887,这门课程让学习NLP变得既有趣又有成就感。,4,0,0,0,0,1,0,0,0,1,这门课程让学习NLP变得既有趣又有成就感。,[],0
888,老师讲解概念的方式让我感到既高兴又印象深刻。,1,0,0,0,0,1,0,0,0,1,老师讲解概念的方式让我感到既高兴又印象深刻。,[],0
889,学习NLP总体来说变成了一次令人愉快且出乎意料的享受经历。,4,0,0,0,0,1,0,1,0,1,学习NLP总体来说变成了一次令人愉快且出乎意料的享受经历。,[],0
890,我真心觉得这门课程很精彩，也很期待继续学习更高级的NLP主题，因为讲解清晰、引人入胜、富有激励性。,4,0,0,0,0,1,0,0,0,1,我真心觉得这门课程很精彩，也很期待继续学习更高级的NLP主题，因为讲解清晰、引人入胜、富有激励性。,[],0
891,这门课程让我感到快乐，同时也让我更加期待在未来的项目中应用和扩展这些 NLP 概念。,4,0,1,0,0,1,0,0,0,1,这门课程让我感到快乐，同时也让我更加期待在未来的项目中应用和扩展这些 NLP 概念。,[],0
892,我对这门课程非常满意，因为它让学习NLP变得有趣，并激发了我之后探索更深入主题的渴望。,4,0,0,0,0,1,0,0,0,1,我对这门课程非常满意，因为它让学习NLP变得有趣，并激发了我之后探索更深入主题的渴望。,[],0
893,这次学习经历令人愉快且鼓舞人心，让我充满信心地期待继续我的NLP之旅。,4,0,0,0,0,1,0,0,0,1,这次学习经历令人愉快且鼓舞人心，让我充满信心地期待继续我的NLP之旅。,[],0
894,我非常喜欢这门课程，并且对接下来可以学习的内容感到兴奋，因为课程内容清晰明了，结构严谨。,2,0,0,0,0,1,0,0,0,1,我非常喜欢这门课程，并且对接下来可以学习的内容感到兴奋，因为课程内容清晰明了，结构严谨。,[],0
895,这门课程让我对自己的进步感到满意，也激励我继续学习更多关于NLP的知识。,4,0,0,0,0,1,0,0,0,1,这门课程让我对自己的进步感到满意，也激励我继续学习更多关于NLP的知识。,[],0
896,整个课程期间我都感到非常愉快，并且期待进一步发展我的NLP技能。,4,0,0,0,0,1,0,0,0,1,整个课程期间我都感到非常愉快，并且期待进一步发展我的NLP技能。,[],0
897,通过这门课程学习NLP非常愉快，也激发了我探索更高级技巧的兴趣。,4,0,0,0,0,1,0,0,0,1,通过这门课程学习NLP非常愉快，也激发了我探索更高级技巧的兴趣。,[],0
898,我对这门课程讲解NLP概念的方式很满意，它激发了我不断提高理解能力的渴望。,1,0,0,0,0,1,0,0,0,1,我对这门课程讲解NLP概念的方式很满意，它激发了我不断提高理解能力的渴望。,[],0
899,这门课程给学习过程带来了乐趣，并激发了人们对未来学习机会的期待。,4,0,0,0,0,1,0,0,0,1,这门课程给学习过程带来了乐趣，并激发了人们对未来学习机会的期待。,[],0
900,我很高兴能通过这门课程学习NLP，也很兴奋能将这些理念应用到新的挑战中。,4,0,0,0,0,1,0,0,0,1,我很高兴能通过这门课程学习NLP，也很兴奋能将这些理念应用到新的挑战中。,[],0
901,这门课程让学习变得有趣，也让我更加期待继续学习NLP。,4,0,1,0,0,1,0,0,0,1,这门课程让学习变得有趣，也让我更加期待继续学习NLP。,[],0
902,整个学习过程中我都感到很开心，完成课程后，我非常期待能更深入地学习NLP。,4,0,0,0,0,1,0,0,0,1,整个学习过程中我都感到很开心，完成课程后，我非常期待能更深入地学习NLP。,[],0
903,这些讲解让我对自己的学习感到满意，也让我对探索更多NLP主题充满热情。,1,0,0,0,0,1,0,0,0,1,这些讲解让我对自己的学习感到满意，也让我对探索更多NLP主题充满热情。,[],0
904,这门课程营造了愉快的学习环境，同时激励我继续学习基础知识以外的内容。,4,0,0,0,0,1,0,0,0,1,这门课程营造了愉快的学习环境，同时激励我继续学习基础知识以外的内容。,[],0
905,我享受学习的过程，并渴望进一步拓展我的NLP知识。,4,0,0,0,0,1,0,0,0,1,我享受学习的过程，并渴望进一步拓展我的NLP知识。,[],0
906,这门课程让学习NLP变得有趣，并激发了对未来学习和实践的期待。,4,0,0,0,0,1,0,0,0,1,这门课程让学习NLP变得有趣，并激发了对未来学习和实践的期待。,[],0
907,我对内容的清晰呈现方式感到满意，并渴望继续学习更多。,1,0,0,0,0,1,0,0,0,1,我对内容的清晰呈现方式感到满意，并渴望继续学习更多。,[],0
908,这次学习经历令我非常满意，也让我更加渴望继续学习NLP。,4,0,1,0,0,1,0,0,0,1,这次学习经历令我非常满意，也让我更加渴望继续学习NLP。,[],0
909,我非常喜欢每一节课，并且很有动力继续探索NLP的概念。,4,0,1,0,0,1,0,0,0,1,我非常喜欢每一节课，并且很有动力继续探索NLP的概念。,[],0
910,这门课程给我的学习体验带来了乐趣，也鼓励我期待学习更高级的NLP主题。,4,0,0,0,0,1,0,0,0,1,这门课程给我的学习体验带来了乐趣，也鼓励我期待学习更高级的NLP主题。,[],0
911,我对所学知识的解释感到满意，并期待在未来的工作中运用这些知识。,1,0,0,0,0,1,0,0,0,1,我对所学知识的解释感到满意，并期待在未来的工作中运用这些知识。,[],0
912,在这里学习NLP非常愉快，也让我渴望继续学习和练习。,4,0,1,0,0,1,0,0,0,1,在这里学习NLP非常愉快，也让我渴望继续学习和练习。,[],0
913,这门课程让我对自己的进步感到满意，也让我对NLP的下一步发展方向感到好奇。,4,0,1,0,0,1,0,0,0,1,这门课程让我对自己的进步感到满意，也让我对NLP的下一步发展方向感到好奇。,[],0
914,我对这门课程非常满意，并期待着在所学知识的基础上继续学习。,4,0,0,0,0,1,0,0,0,1,我对这门课程非常满意，并期待着在所学知识的基础上继续学习。,[],0
915,课程很有趣，激发了我对更深入探索NLP的期待。,4,0,0,0,0,1,0,0,0,1,课程很有趣，激发了我对更深入探索NLP的期待。,[],0
916,学习NLP让我感到快乐，也激励我继续加深对NLP的理解。,4,0,1,0,0,1,0,0,0,1,学习NLP让我感到快乐，也激励我继续加深对NLP的理解。,[],0
917,这门课程让我感到非常满足，也让我更加渴望学习更高级的NLP概念。,4,0,1,0,0,1,0,0,0,1,这门课程让我感到非常满足，也让我更加渴望学习更高级的NLP概念。,[],0
918,学习过程令人愉快，并激发了我对进一步学习的期待。,4,0,0,0,0,1,0,0,0,1,学习过程令人愉快，并激发了我对进一步学习的期待。,[],0
919,我很喜欢这门课程，并且对继续学习NLP充满热情。,4,0,1,0,0,1,0,0,0,1,我很喜欢这门课程，并且对继续学习NLP充满热情。,[],0
920,这门课程让学习NLP变得有趣，同时也激发了人们对未来学习的热情。,4,0,1,0,0,1,0,0,0,1,这门课程让学习NLP变得有趣，同时也激发了人们对未来学习的热情。,[],0
921,整个学习过程中我都感到很开心，并且渴望将这些概念应用到即将开展的项目中。,4,0,1,0,0,1,0,0,0,1,整个学习过程中我都感到很开心，并且渴望将这些概念应用到即将开展的项目中。,[],0
922,这些学习内容让我对自己的学习成果感到满意，也让我对接下来可以学习的内容充满期待。,2,0,1,0,0,1,0,0,0,1,这些学习内容让我对自己的学习成果感到满意，也让我对接下来可以学习的内容充满期待。,[],0
923,我喜欢这种清晰的讲解方式，也因此更有动力继续提高我的NLP技能。,1,0,1,0,0,1,0,0,0,1,我喜欢这种清晰的讲解方式，也因此更有动力继续提高我的NLP技能。,[],0
924,这门课程让我体会到了学习的乐趣，也让我更加期待未来在NLP领域面临的挑战。,4,0,1,0,0,1,0,0,0,1,这门课程让我体会到了学习的乐趣，也让我更加期待未来在NLP领域面临的挑战。,[],0
925,我对课程的进展感到满意，并期待继续学习。,4,0,1,0,0,1,0,0,0,1,我对课程的进展感到满意，并期待继续学习。,[],0
926,通过这门课程学习NLP很有趣，也让我期待着进一步学习。,4,0,1,0,0,1,0,0,0,1,通过这门课程学习NLP很有趣，也让我期待着进一步学习。,[],0
927,这门课程让我对自己的理解感到满意，也让我渴望更深入地学习NLP。,4,0,1,0,0,1,0,0,0,1,这门课程让我对自己的理解感到满意，也让我渴望更深入地学习NLP。,[],0
928,我很享受这次学习经历，也很期待接下来应用这些概念。,4,0,1,0,0,1,0,0,0,1,我很享受这次学习经历，也很期待接下来应用这些概念。,[],0
929,课程带来了愉快的体验，并激发了人们对继续学习的期待。,4,0,1,0,0,1,0,0,0,1,课程带来了愉快的体验，并激发了人们对继续学习的期待。,[],0
930,学习NLP让我感到快乐，之后也更有动力去探索更高级的主题。,4,0,1,0,0,1,0,0,0,1,学习NLP让我感到快乐，之后也更有动力去探索更高级的主题。,[],0
931,这门课程让我感到非常满意，也让我对继续学习充满热情。,4,0,1,0,0,1,0,0,0,1,这门课程让我感到非常满意，也让我对继续学习充满热情。,[],0
932,我非常喜欢这门课程的每个部分，并且渴望了解更多关于NLP的知识。,4,0,1,0,0,1,0,0,0,1,我非常喜欢这门课程的每个部分，并且渴望了解更多关于NLP的知识。,[],0
933,讲解生动有趣，激发了孩子们对未来学习的兴趣。,1,0,1,0,0,1,0,0,0,1,讲解生动有趣，激发了孩子们对未来学习的兴趣。,[],0
934,这门课程让学习NLP变得有趣，并激发了人们对接下来学习内容的期待。,4,0,1,0,0,1,0,0,0,1,这门课程让学习NLP变得有趣，并激发了人们对接下来学习内容的期待。,[],0
935,整个课程期间我都感到很开心，也很期待继续提升我的NLP技能。,4,0,1,0,0,1,0,0,0,1,整个课程期间我都感到很开心，也很期待继续提升我的NLP技能。,[],0
936,这次学习经历令我受益匪浅，也激发了我学习更多知识的好奇心。,4,0,1,0,0,1,0,0,0,1,这次学习经历令我受益匪浅，也激发了我学习更多知识的好奇心。,[],0
937,我很喜欢这门课程，也因此更有动力继续学习NLP的概念。,4,0,1,0,0,1,0,0,0,1,我很喜欢这门课程，也因此更有动力继续学习NLP的概念。,[],0
938,这门课程让我对自己的进步感到满意，也让我对未来的学习充满期待。,4,0,1,0,0,1,0,0,0,1,这门课程让我对自己的进步感到满意，也让我对未来的学习充满期待。,[],0
939,在这里学习NLP既愉快又激发了我对未来挑战的期待。,4,0,1,0,0,1,0,0,0,1,在这里学习NLP既愉快又激发了我对未来挑战的期待。,[],0
940,我对课程的清晰度感到满意，并渴望探索更多 NLP 主题。,1,0,1,0,0,1,0,0,0,1,我对课程的清晰度感到满意，并渴望探索更多 NLP 主题。,[],0
941,这门课程让学习NLP变得有趣，也激励我继续学习。,4,0,1,0,0,1,0,0,0,1,这门课程让学习NLP变得有趣，也激励我继续学习。,[],0
942,我很喜欢这些课程，并且渴望运用和拓展我的知识。,4,0,1,0,0,1,0,0,0,1,我很喜欢这些课程，并且渴望运用和拓展我的知识。,[],0
943,这门课程带来了愉快的学习体验，并激发了人们对更深入学习的期待。,4,0,1,0,0,1,0,0,0,1,这门课程带来了愉快的学习体验，并激发了人们对更深入学习的期待。,[],0
944,学习NLP让我感到快乐，也让我对继续学习之旅充满期待。,4,0,1,0,0,1,0,0,0,1,学习NLP让我感到快乐，也让我对继续学习之旅充满期待。,[],0
945,这门课程让我非常满意，也激励我继续提升我的NLP技能。,4,0,1,0,0,1,0,0,0,1,这门课程让我非常满意，也激励我继续提升我的NLP技能。,[],0
946,通过这门课程学习NLP很有趣，也激发了我对未来学习的热情。,4,0,1,0,0,1,0,0,0,1,通过这门课程学习NLP很有趣，也激发了我对未来学习的热情。,[],0
947,我喜欢这种结构化的内容，之后很想了解更多。,2,0,1,0,0,1,0,0,0,1,我喜欢这种结构化的内容，之后很想了解更多。,[],0
948,这次学习经历令人愉快，并激发了人们对进一步探索的期待。,4,0,1,0,0,1,0,0,0,1,这次学习经历令人愉快，并激发了人们对进一步探索的期待。,[],0
949,我对这门课程很满意，也很期待继续学习NLP。,4,0,1,0,0,1,0,0,0,1,我对这门课程很满意，也很期待继续学习NLP。,[],0
950,这门课程让学习NLP变得有趣，也激发了我学习更高级主题的兴趣。,4,0,1,0,0,1,0,0,0,1,这门课程让学习NLP变得有趣，也激发了我学习更高级主题的兴趣。,[],0
951,整个学习过程中我都感到很开心，并且渴望将所学知识应用到接下来的工作中。,4,0,1,0,0,1,0,0,0,1,整个学习过程中我都感到很开心，并且渴望将所学知识应用到接下来的工作中。,[],0
952,这些解释令人满意，让我很想加深对NLP（神经语言程序学）的了解。,1,0,1,0,0,1,0,0,0,1,这些解释令人满意，让我很想加深对NLP（神经语言程序学）的了解。,[],0
953,我很喜欢这门课程，也因此更有动力继续学习更多关于NLP的知识。,4,0,1,0,0,1,0,0,0,1,我很喜欢这门课程，也因此更有动力继续学习更多关于NLP的知识。,[],0
954,这门课程让我体会到了学习的乐趣，也让我对未来的进步充满期待。,4,0,1,0,0,1,0,0,0,1,这门课程让我体会到了学习的乐趣，也让我对未来的进步充满期待。,[],0
955,我对自己的理解感到满意，并渴望继续学习。,4,0,1,0,0,1,0,0,0,1,我对自己的理解感到满意，并渴望继续学习。,[],0
956,在这里学习NLP非常愉快，也让我渴望探索更多概念。,4,0,1,0,0,1,0,0,0,1,在这里学习NLP非常愉快，也让我渴望探索更多概念。,[],0
957,这门课程让我感到非常开心，也让我更加渴望继续学习NLP。,4,0,1,0,0,1,0,0,0,1,这门课程让我感到非常开心，也让我更加渴望继续学习NLP。,[],0
958,我享受学习的过程，并对接下来要做的事情充满热情。,4,0,1,0,0,1,0,0,0,1,我享受学习的过程，并对接下来要做的事情充满热情。,[],0
959,这门课程让学习NLP变得有趣，并激发了人们对未来学习的期待。,4,0,1,0,0,1,0,0,0,1,这门课程让学习NLP变得有趣，并激发了人们对未来学习的期待。,[],0
960,学习NLP让我感到快乐，也激励我继续提升自己的技能。,4,0,1,0,0,1,0,0,0,1,学习NLP让我感到快乐，也激励我继续提升自己的技能。,[],0
961,这门课程让我对自己的进步感到满意，也让我对进一步学习充满期待。,4,0,1,0,0,1,0,0,0,1,这门课程让我对自己的进步感到满意，也让我对进一步学习充满期待。,[],0
962,我很喜欢这些课程，并且渴望更深入地学习NLP方面的知识。,4,0,1,0,0,1,0,0,0,1,我很喜欢这些课程，并且渴望更深入地学习NLP方面的知识。,[],0
963,这次学习经历令人愉快，并激发了我对继续学习的期待。,4,0,1,0,0,1,0,0,0,1,这次学习经历令人愉快，并激发了我对继续学习的期待。,[],0
964,我对课程的清晰度感到满意，也很期待学习更多内容。,1,0,1,0,0,1,0,0,0,1,我对课程的清晰度感到满意，也很期待学习更多内容。,[],0
965,这门课程让学习NLP变得很有成就感，也鼓励我继续学习。,4,0,1,0,0,1,0,0,0,1,这门课程让学习NLP变得很有成就感，也鼓励我继续学习。,[],0
966,我很喜欢这门课程，并且很期待将这些概念应用到接下来的工作中。,4,0,1,0,0,1,0,0,0,1,我很喜欢这门课程，并且很期待将这些概念应用到接下来的工作中。,[],0
967,这门课程让学习充满乐趣，也让人对未来的挑战充满期待。,4,0,1,0,0,1,0,0,0,1,这门课程让学习充满乐趣，也让人对未来的挑战充满期待。,[],0
968,整个课程期间我都感到很满意，也很期待继续我的NLP学习之旅。,4,0,1,0,0,1,0,0,0,1,整个课程期间我都感到很满意，也很期待继续我的NLP学习之旅。,[],0
969,在这里学习NLP非常愉快，也激励我继续探索。,4,0,1,0,0,1,0,0,0,1,在这里学习NLP非常愉快，也激励我继续探索。,[],0
970,学习NLP让我感到很开心，也渴望学习更高级的主题。,4,0,1,0,0,1,0,0,0,1,学习NLP让我感到很开心，也渴望学习更高级的主题。,[],0
971,这门课程让我对自己的学习成果感到满意，也让我对接下来的学习充满期待。,4,0,1,0,0,1,0,0,0,1,这门课程让我对自己的学习成果感到满意，也让我对接下来的学习充满期待。,[],0
972,我喜欢这种结构化的课程，也因此更有动力继续学习。,2,0,1,0,0,1,0,0,0,1,我喜欢这种结构化的课程，也因此更有动力继续学习。,[],0
973,这次学习经历令人愉快，并激发了人们对更深入学习的期待。,4,0,1,0,0,1,0,0,0,1,这次学习经历令人愉快，并激发了人们对更深入学习的期待。,[],0
974,我对这些解释感到满意，并很期待进一步应用它们。,1,0,1,0,0,1,0,0,0,1,我对这些解释感到满意，并很期待进一步应用它们。,[],0
975,这门课程让学习NLP变得有趣，并激励我不断进步。,4,0,1,0,0,1,0,0,1,1,这门课程让学习NLP变得有趣，并激励我不断进步。,[],0
976,我非常喜欢每一节课，课后还意犹未尽，渴望学习更多。,4,0,1,0,0,1,0,0,1,1,我非常喜欢每一节课，课后还意犹未尽，渴望学习更多。,[],0
977,课程结束后，我对自己的进步感到满意，也更加期待继续学习。,4,0,1,0,0,1,0,0,1,1,课程结束后，我对自己的进步感到满意，也更加期待继续学习。,[],0
978,通过这门课程学习NLP既有趣又有激励作用。,4,0,1,0,0,1,0,0,1,1,通过这门课程学习NLP既有趣又有激励作用。,[],0
979,我感到既高兴又兴奋，迫不及待地想要继续我的NLP学习。,4,0,1,0,0,1,0,0,1,1,我感到既高兴又兴奋，迫不及待地想要继续我的NLP学习。,[],0
980,这门课程让学习NLP变得有趣，并激发了我对未来学习的期待。,4,0,1,0,0,1,0,0,1,1,这门课程让学习NLP变得有趣，并激发了我对未来学习的期待。,[],0
981,我对课程的结构安排感到满意，并渴望学习更多内容。,2,0,1,0,0,1,0,0,0,1,我对课程的结构安排感到满意，并渴望学习更多内容。,[],0
982,我很享受这次学习经历，并受到激励继续探索NLP。,4,0,1,0,0,1,0,0,0,1,我很享受这次学习经历，并受到激励继续探索NLP。,[],0
983,这门课程给学习带来了乐趣，并激发了人们对未来学习的期待。,4,0,1,0,0,1,0,0,0,1,这门课程给学习带来了乐趣，并激发了人们对未来学习的期待。,[],0
984,学习NLP让我感到快乐，也让我渴望进一步拓展我的知识。,4,0,1,0,0,1,0,0,0,1,学习NLP让我感到快乐，也让我渴望进一步拓展我的知识。,[],0
985,这门课程让我感到非常满意，也让我对继续学习充满热情。,4,0,1,0,0,1,0,0,0,1,这门课程让我感到非常满意，也让我对继续学习充满热情。,[],0
986,我很喜欢这些课程，并且很想把这些概念应用到实践中。,4,0,1,0,0,1,0,0,0,1,我很喜欢这些课程，并且很想把这些概念应用到实践中。,[],0
987,这次学习经历令人愉快，也激发了我对未来成长的期待。,4,0,1,0,0,1,0,0,0,1,这次学习经历令人愉快，也激发了我对未来成长的期待。,[],0
988,我对这门课程很满意，也很期待继续学习NLP。,4,0,1,0,0,1,0,0,0,1,我对这门课程很满意，也很期待继续学习NLP。,[],0
989,在这里学习NLP很有趣，也激发了我学习更多知识的热情。,4,0,1,0,0,1,0,0,0,1,在这里学习NLP很有趣，也激发了我学习更多知识的热情。,[],0
990,学习NLP让我感到快乐，也激励我继续提升自己的技能。,4,0,1,0,0,1,0,0,0,1,学习NLP让我感到快乐，也激励我继续提升自己的技能。,[],0
991,这门课程让我对自己的理解感到满意，也让我对更高级的课题充满期待。,4,0,1,0,0,1,0,0,0,1,这门课程让我对自己的理解感到满意，也让我对更高级的课题充满期待。,[],0
992,我喜欢这种清晰易懂的讲解，并且很想了解更多。,1,0,1,0,0,1,0,0,0,1,我喜欢这种清晰易懂的讲解，并且很想了解更多。,[],0
993,这门课程创造了愉快的学习体验，并激发了人们对进一步学习的期待。,4,0,1,0,0,1,0,0,0,1,这门课程创造了愉快的学习体验，并激发了人们对进一步学习的期待。,[],0
994,我对自己取得的进步感到满意，并期待继续学习。,4,0,1,0,0,1,0,0,0,1,我对自己取得的进步感到满意，并期待继续学习。,[],0
995,这门课程让学习NLP变得很有成就感，并鼓励了持续学习。,4,0,1,0,0,1,0,0,0,1,这门课程让学习NLP变得很有成就感，并鼓励了持续学习。,[],0
996,我很喜欢这门课程，也因此更有动力继续拓展知识。,4,0,1,0,0,1,0,0,0,1,我很喜欢这门课程，也因此更有动力继续拓展知识。,[],0
997,这次学习经历令人愉快，也激发了我对未来学习主题的兴趣。,4,0,1,0,0,1,0,0,0,1,这次学习经历令人愉快，也激发了我对未来学习主题的兴趣。,[],0
998,我对这门课程很满意，并渴望进一步探索NLP。,4,0,1,0,0,1,0,0,0,1,我对这门课程很满意，并渴望进一步探索NLP。,[],0
999,通过这门课程学习NLP既有趣又有激励作用。,4,0,1,0,0,1,0,0,0,1,通过这门课程学习NLP既有趣又有激励作用。,[],0
1000,学习NLP让我感到很开心，也很期待接下来应用这些理念。,4,0,1,0,0,1,0,0,0,1,学习NLP让我感到很开心，也很期待接下来应用这些理念。,[],0
1001,这门课程让我非常满意，也让我更加渴望继续我的NLP学习之旅。,4,0,1,0,0,1,0,0,0,1,这门课程让我非常满意，也让我更加渴望继续我的NLP学习之旅。,[],0
1002,我很喜欢这些课程，也更有动力去学习更多。,4,0,1,0,0,1,0,0,0,1,我很喜欢这些课程，也更有动力去学习更多。,[],0
1003,这门课程让学习NLP变得有趣，并激发了继续学习的期待。,4,0,1,0,0,1,0,0,0,1,这门课程让学习NLP变得有趣，并激发了继续学习的期待。,[],0
1004,整个学习过程中我都感到很开心，也很期待继续学习。,4,0,1,0,0,1,0,0,0,1,整个学习过程中我都感到很开心，也很期待继续学习。,[],0
1005,这门课程让我对自己的进步感到满意，也让我渴望继续学习。,4,0,1,0,0,1,0,0,0,1,这门课程让我对自己的进步感到满意，也让我渴望继续学习。,[],0
1006,我很享受在这里学习NLP的过程，也对接下来的学习充满热情。,4,0,1,0,0,1,0,0,0,1,我很享受在这里学习NLP的过程，也对接下来的学习充满热情。,[],0
1007,这次学习经历令人愉快，并激发了人们对未来学习的热情。,4,0,1,0,0,1,0,0,0,1,这次学习经历令人愉快，并激发了人们对未来学习的热情。,[],0
1008,我对课程的清晰度感到满意，也更有动力继续学习。,1,0,1,0,0,1,0,0,0,1,我对课程的清晰度感到满意，也更有动力继续学习。,[],0
1009,这门课程让学习NLP变得既有趣又有成就感。,4,0,1,0,0,1,0,0,0,1,这门课程让学习NLP变得既有趣又有成就感。,[],0
1010,学习NLP让我感到快乐，也让我渴望加深对它的理解。,4,0,1,0,0,1,0,0,1,1,学习NLP让我感到快乐，也让我渴望加深对它的理解。,[],0
1011,这门课程让我非常满意，也让我渴望继续探索NLP。,4,0,1,0,0,1,0,0,1,1,这门课程让我非常满意，也让我渴望继续探索NLP。,[],0
1012,我享受学习的过程，并感到有动力不断进步。,4,0,1,0,0,1,0,0,1,1,我享受学习的过程，并感到有动力不断进步。,[],0
1013,这门课程让学习充满乐趣，也让人对未来的学习内容充满期待。,4,0,1,0,0,1,0,0,1,1,这门课程让学习充满乐趣，也让人对未来的学习内容充满期待。,[],0
1014,学习NLP让我感到快乐，也让我对继续学习充满期待。,4,0,1,0,0,1,0,0,1,1,学习NLP让我感到快乐，也让我对继续学习充满期待。,[],0
1015,这门课程让我对自己的学习成果感到满意，并渴望继续深造。,4,0,1,0,0,1,0,0,1,1,这门课程让我对自己的学习成果感到满意，并渴望继续深造。,[],0
1016,我很喜欢这些课程，并且对未来的学习充满热情。,4,0,1,0,0,1,0,0,1,1,我很喜欢这些课程，并且对未来的学习充满热情。,[],0
1017,这次学习经历令人愉快，并激发了我对更深入学习的期待。,4,0,1,0,0,1,0,0,1,1,这次学习经历令人愉快，并激发了我对更深入学习的期待。,[],0
1018,我对这门课程很满意，也很期待继续学习NLP。,4,0,1,0,0,1,0,0,1,1,我对这门课程很满意，也很期待继续学习NLP。,[],0
1019,在这里学习NLP既有趣又有激励作用。,4,0,1,0,0,1,0,0,0,1,在这里学习NLP既有趣又有激励作用。,[],0
1020,学习NLP让我感到快乐，并渴望进一步应用这些概念。,4,0,1,0,0,1,0,0,1,1,学习NLP让我感到快乐，并渴望进一步应用这些概念。,[],0
1021,这门课程让我对自己的进步感到满意，也让我对接下来的学习充满期待。,4,0,1,0,0,1,0,0,0,1,这门课程让我对自己的进步感到满意，也让我对接下来的学习充满期待。,[],0
1022,我喜欢这种结构化的课程，也因此更有动力继续学习。,2,0,1,0,0,1,0,0,0,1,我喜欢这种结构化的课程，也因此更有动力继续学习。,[],0
1023,该课程创造了愉快的学习体验，并激发了人们对持续成长的期待。,4,0,1,0,0,1,0,0,0,1,该课程创造了愉快的学习体验，并激发了人们对持续成长的期待。,[],0
1024,学习NLP让我感到快乐，也让我对拓展知识领域充满热情。,4,0,1,0,0,1,0,0,0,1,学习NLP让我感到快乐，也让我对拓展知识领域充满热情。,[],0
1025,这门课程让学习NLP变得有趣，并激励我继续学习。,4,0,1,0,0,1,0,0,1,1,这门课程让学习NLP变得有趣，并激励我继续学习。,[],0
1026,我很喜欢这门课程，并且渴望继续我的NLP学习之旅。,4,0,1,0,0,1,0,0,1,1,我很喜欢这门课程，并且渴望继续我的NLP学习之旅。,[],0
1027,从始至终，通过这门课程学习NLP都让我感到快乐和充满动力。,4,0,1,0,0,1,0,0,1,1,从始至终，通过这门课程学习NLP都让我感到快乐和充满动力。,[],0
1028,我感到失望和有点难过，因为好几个视频都一直缓冲😕，这让我很难集中注意力，即使我想认真地学习课程。,0,0,0,0,0,0,1,0,0,0,我感到失望和有点难过，因为好几个视频都一直缓冲，这让我很难集中注意力，即使我想认真地学习课程。,['😕'],1
1029,反复出现音频问题令人沮丧，因为这些中断让学习过程变得不那么流畅和愉快。,0,0,0,0,0,0,1,0,0,0,反复出现音频问题令人沮丧，因为这些中断让学习过程变得不那么流畅和愉快。,[],0
1030,有一段时间，一些课程视频无法观看，这打乱了我的学习计划，我当时感到非常沮丧。,0,0,0,0,0,0,1,0,0,0,有一段时间，一些课程视频无法观看，这打乱了我的学习计划，我当时感到非常沮丧。,[],0
1031,频繁的技术故障让我感到沮丧，尤其是当我试图集中精力持续学习的时候。,0,0,0,0,0,0,1,0,0,0,频繁的技术故障让我感到沮丧，尤其是当我试图集中精力持续学习的时候。,[],0
1032,平台问题中断了我课程重要部分的学习进度，我感到很遗憾。,0,0,0,0,0,0,1,0,0,0,平台问题中断了我课程重要部分的学习进度，我感到很遗憾。,[],0
1033,反复出现的加载问题让学习过程感到沮丧和身心俱疲。,0,1,0,0,0,0,1,0,0,0,反复出现的加载问题让学习过程感到沮丧和身心俱疲。,[],0
1034,笔记本无法正常加载，这减慢了我的学习进度，我感到很失望。,0,0,0,0,0,0,1,0,0,0,笔记本无法正常加载，这减慢了我的学习进度，我感到很失望。,[],0
1035,技术故障让我失去了动力，尽管我最初对这门课程很感兴趣。,0,0,0,0,0,0,1,0,0,0,技术故障让我失去了动力，尽管我最初对这门课程很感兴趣。,[],0
1036,在关键讲解过程中，视频质量反复下降，这让我感到很遗憾。,0,0,0,0,0,0,1,0,0,0,在关键讲解过程中，视频质量反复下降，这让我感到很遗憾。,[],0
1037,不稳定的平台体验让我对能否顺利继续下去感到沮丧。,0,0,0,0,0,0,1,0,0,0,不稳定的平台体验让我对能否顺利继续下去感到沮丧。,[],0
1038,反复出现的错误让我担心自己可能会错过重要内容。,0,0,0,0,1,0,0,0,0,0,反复出现的错误让我担心自己可能会错过重要内容。,[],0
1039,我担心技术问题会影响我有效学习课程的能力⚠️。,0,0,0,0,0,0,0,0,0,0,我担心技术问题会影响我有效学习课程的能力。,['⚠️'],1
1040,频繁的断线让我对能否继续不受干扰感到不确定。,0,0,0,0,0,0,0,0,0,0,频繁的断线让我对能否继续不受干扰感到不确定。,[],0
1041,我有点不安😟，担心这个平台是否能够可靠地支持课程内容。,0,0,0,0,1,0,0,0,0,0,我有点不安，担心这个平台是否能够可靠地支持课程内容。,['😟'],1
1042,不断的缓冲让我担心无法按时完成课程⏳。,0,0,0,0,1,0,0,0,0,0,不断的缓冲让我担心无法按时完成课程。,['⏳'],1
1043,我担心未解决的技术问题会影响我的整体学习成果。,0,0,0,0,1,0,0,0,0,0,我担心未解决的技术问题会影响我的整体学习成果。,[],0
1044,不稳定的系统让我对安排学习时间感到不确定。,0,0,0,0,1,0,0,0,0,0,不稳定的系统让我对安排学习时间感到不确定。,[],0
1045,我担心这些技术问题会在整个课程中持续存在。,0,0,0,0,0,0,0,0,0,0,我担心这些技术问题会在整个课程中持续存在。,[],0
1046,反复出现的错误导致人们在需要时难以获取资料，从而感到焦虑。,0,0,0,0,0,0,0,0,0,0,反复出现的错误导致人们在需要时难以获取资料，从而感到焦虑。,[],0
1047,每次上课平台卡顿的时候，我都会感到紧张。,0,0,0,0,1,0,0,0,0,0,每次上课平台卡顿的时候，我都会感到紧张。,[],0
1048,回放不稳定让我担心会错过关键的讲解。,0,0,0,0,1,0,0,0,0,0,回放不稳定让我担心会错过关键的讲解。,[],0
1049,我一直很担心技术问题会频繁地打断我的学习进度。,0,0,0,0,1,0,0,0,0,0,我一直很担心技术问题会频繁地打断我的学习进度。,[],0
1050,技术上的不稳定性让我对能否顺利继续进行感到不确定。,0,0,0,0,0,0,0,0,0,0,技术上的不稳定性让我对能否顺利继续进行感到不确定。,[],0
1051,课程期间平台经常卡顿，这让我感到恼火和不舒服😣，学习体验很不愉快。,0,1,0,0,0,0,0,0,0,0,课程期间平台经常卡顿，这让我感到恼火和不舒服，学习体验很不愉快。,['😣'],1
1052,反复出现的技术故障让体验变得混乱不堪，令人不快😤。,0,1,0,0,0,0,0,0,0,0,反复出现的技术故障让体验变得混乱不堪，令人不快。,['😤'],1
1053,有好几节课的视频质量都很差，我对此非常不满意。,0,0,0,0,0,0,1,0,0,0,有好几节课的视频质量都很差，我对此非常不满意。,[],0
1054,频繁的缓冲令人恼火，降低了我对课程的享受。,0,1,0,0,0,0,0,0,0,0,频繁的缓冲令人恼火，降低了我对课程的享受。,[],0
1055,我对这个平台有时表现出的不可靠性感到很不舒服。,0,0,0,0,0,0,0,0,0,0,我对这个平台有时表现出的不可靠性感到很不舒服。,[],0
1056,频繁的播放错误让人感觉体验很差。,0,1,0,0,0,0,0,0,0,0,频繁的播放错误让人感觉体验很差。,[],0
1057,我发现反复出现的技术问题令人沮丧，处理起来也很不愉快。,0,1,0,0,0,0,0,0,0,0,我发现反复出现的技术问题令人沮丧，处理起来也很不愉快。,[],0
1058,平台问题使学习体验变得不必要的复杂。,0,1,0,0,0,0,0,0,0,0,平台问题使学习体验变得不必要的复杂。,[],0
1059,技术故障频繁干扰我的注意力，这让我很恼火。,0,1,0,0,0,0,0,0,0,0,技术故障频繁干扰我的注意力，这让我很恼火。,[],0
1060,该不稳定的系统在多次使用过程中都给人留下了不好的印象。,0,1,0,0,0,0,0,0,0,0,该不稳定的系统在多次使用过程中都给人留下了不好的印象。,[],0
1061,我对整个课程的技术可靠性都不满意。,0,0,0,0,0,0,1,0,0,0,我对整个课程的技术可靠性都不满意。,[],0
1062,在重要课程期间，平台反复崩溃，我感到沮丧和愤怒😠。,0,1,0,0,0,0,0,0,0,0,在重要课程期间，平台反复崩溃，我感到沮丧和愤怒。,['😠'],1
1063,学习过程中不断出现的技术故障让我感到非常恼火。,0,1,0,0,0,0,0,0,0,0,学习过程中不断出现的技术故障让我感到非常恼火。,[],0
1064,视频经常毫无预警地停止播放，这让我很恼火。,0,1,0,0,0,0,0,0,0,0,视频经常毫无预警地停止播放，这让我很恼火。,[],0
1065,系统反复出错，导致学习过程非常令人沮丧。,0,1,0,0,0,0,0,0,0,0,系统反复出错，导致学习过程非常令人沮丧。,[],0
1066,在我急于完成课程的时候，平台却出现卡顿，这让我感到沮丧和不安。,0,1,0,0,1,0,0,0,0,0,在我急于完成课程的时候，平台却出现卡顿，这让我感到沮丧和不安。,[],0
1067,技术故障导致人员感到恼火，同时也担心会丢失关键资料。,0,1,0,0,0,0,0,0,0,0,技术故障导致人员感到恼火，同时也担心会丢失关键资料。,[],0
1068,视频加载失败，我感到失望和沮丧。,0,1,0,0,0,0,1,0,0,0,视频加载失败，我感到失望和沮丧。,[],0
1069,不稳定的播放让我感到焦虑，同时频繁的中断也让我感到恼火。,0,1,0,0,0,0,0,0,0,0,不稳定的播放让我感到焦虑，同时频繁的中断也让我感到恼火。,[],0
1070,我感到恼火和担忧，因为技术问题正在减缓我的学习进度⏳。,0,1,0,0,1,0,0,0,0,0,我感到恼火和担忧，因为技术问题正在减缓我的学习进度。,['⏳'],1
1071,频繁出现的错误让我感到既沮丧又气馁。,0,1,0,0,0,0,1,0,0,0,频繁出现的错误让我感到既沮丧又气馁。,[],0
1072,由于反复出现技术问题，我既感到恼火又感到担忧。,0,1,0,0,1,0,0,0,0,0,由于反复出现技术问题，我既感到恼火又感到担忧。,[],0
1073,平台问题让我感到不安，也让我失去了动力，尽管我最初很兴奋。,0,0,0,0,1,0,0,0,0,0,平台问题让我感到不安，也让我失去了动力，尽管我最初很兴奋。,[],0
1074,技术故障打断我的学习，让我感到沮丧和焦虑。,0,1,0,0,1,0,0,0,0,0,技术故障打断我的学习，让我感到沮丧和焦虑。,[],0
1075,反复出现的问题让人感到失望和恼火，难以集中注意力。,0,1,0,0,0,0,1,0,0,0,反复出现的问题让人感到失望和恼火，难以集中注意力。,[],0
1076,技术问题不断意外出现，让我感到不安和恼火。,0,1,0,0,0,0,0,0,0,0,技术问题不断意外出现，让我感到不安和恼火。,[],0
1077,不稳定的系统让我感到沮丧，也让我担心能否继续有效地工作。,0,1,0,0,1,0,0,0,0,0,不稳定的系统让我感到沮丧，也让我担心能否继续有效地工作。,[],0
1078,反复播放失败让我感到既恼火又担忧。,0,1,0,0,0,0,0,0,0,0,反复播放失败让我感到既恼火又担忧。,[],0
1079,技术故障导致的中断既令人恼火又让人情绪疲惫😞。,0,1,0,0,0,0,1,0,0,0,技术故障导致的中断既令人恼火又让人情绪疲惫。,['😞'],1
1080,技术问题打断了我的学习进度，我感到沮丧和失望。,0,1,0,0,0,0,1,0,0,0,技术问题打断了我的学习进度，我感到沮丧和失望。,[],0
1081,平台问题让我感到焦虑，降低了我的热情。,0,0,0,0,0,0,1,0,0,0,平台问题让我感到焦虑，降低了我的热情。,[],0
1082,视频反复卡顿让我感到恼火和担忧。,0,1,0,0,0,0,0,0,0,0,视频反复卡顿让我感到恼火和担忧。,[],0
1083,技术不稳定导致我的工作进展受阻，并让我感到沮丧和担忧。,0,1,0,0,1,0,0,0,0,0,技术不稳定导致我的工作进展受阻，并让我感到沮丧和担忧。,[],0
1084,由于持续的缓冲问题，我感到烦躁不安。,0,1,0,0,0,0,0,0,0,0,由于持续的缓冲问题，我感到烦躁不安。,[],0
1085,反复出现的故障让我感到失望和焦虑。,0,0,0,0,0,0,1,0,0,0,反复出现的故障让我感到失望和焦虑。,[],0
1086,在不稳定的学习过程中，我的学习节奏被打断，这让我感到沮丧和担忧😟。,0,1,0,0,0,0,0,0,0,0,在不稳定的学习过程中，我的学习节奏被打断，这让我感到沮丧和担忧。,['😟'],1
1087,平台问题引起了用户的烦躁和情绪不适。,0,1,0,0,1,0,0,0,0,0,平台问题引起了用户的烦躁和情绪不适。,[],0
1088,技术故障意外中断学习，我感到不安和恼火😠。,0,1,0,0,1,0,0,0,0,0,技术故障意外中断学习，我感到不安和恼火。,['😠'],1
1089,尽管我想继续下去，但反复出现的问题让我感到沮丧。,0,1,0,0,0,0,0,0,0,0,尽管我想继续下去，但反复出现的问题让我感到沮丧。,[],0
1090,由于播放不稳定，我感到失望和担忧。,0,0,0,0,1,0,1,0,0,0,由于播放不稳定，我感到失望和担忧。,[],0
1091,技术问题引起了不满，降低了积极性。,0,1,0,0,0,0,1,0,0,0,技术问题引起了不满，降低了积极性。,[],0
1092,系统反复出现故障，让我感到沮丧和不安。,0,1,0,0,1,0,0,0,0,0,系统反复出现故障，让我感到沮丧和不安。,[],0
1093,由于网络不稳定，我感到失望和担忧。,0,0,0,0,1,0,1,0,0,0,由于网络不稳定，我感到失望和担忧。,[],0
1094,反复出现的故障让我感到沮丧和不安。,0,1,0,0,1,0,0,0,0,0,反复出现的故障让我感到沮丧和不安。,[],0
1095,课程期间持续不断的技术问题让我感到恼火和担忧😤。,0,1,0,0,1,0,0,0,0,0,课程期间持续不断的技术问题让我感到恼火和担忧。,['😤'],1
1096,平台不稳定引发了情绪上的沮丧和担忧。,0,1,0,0,1,0,0,0,0,0,平台不稳定引发了情绪上的沮丧和担忧。,[],0
1097,上课期间，我感到既恼火又失望。,0,1,0,0,0,0,1,0,0,0,上课期间，我感到既恼火又失望。,[],0
1098,技术故障让我感到不安和恼火。,0,1,0,0,1,0,0,0,0,0,技术故障让我感到不安和恼火。,[],0
1099,在努力学习这门课程的过程中，我感到沮丧和焦虑。,0,1,0,0,1,0,0,0,0,0,在努力学习这门课程的过程中，我感到沮丧和焦虑。,[],0
1100,这些故障引起了学生的烦恼，也让他们担心学习进度。,0,1,0,0,1,0,0,0,0,0,这些故障引起了学生的烦恼，也让他们担心学习进度。,[],0
1101,由于问题反复出现，我感到失望和恼火。,0,1,0,0,0,0,1,0,0,0,由于问题反复出现，我感到失望和恼火。,[],0
1102,反复出现的故障打断了我的学习，让我感到焦虑和烦躁😣。,0,1,0,0,1,0,0,0,0,0,反复出现的故障打断了我的学习，让我感到焦虑和烦躁。,['😣'],1
1103,技术故障让我感到不安和沮丧。,0,1,0,0,0,0,0,0,0,0,技术故障让我感到不安和沮丧。,[],0
1104,技术问题持续不断，让我感到恼火和担忧。,0,1,0,0,0,0,0,0,0,0,技术问题持续不断，让我感到恼火和担忧。,[],0
1105,学习资料结构清晰、内容详尽，既易于理解，又足够深入，能够真正理解相关概念。,2,0,1,0,0,1,0,0,1,1,学习资料结构清晰、内容详尽，既易于理解，又足够深入，能够真正理解相关概念。,[],0
1106,我发现课程材料清晰明了，组织结构周密，这帮助我在整个学习过程中保持专注和自信。,2,0,1,0,0,1,0,0,1,1,我发现课程材料清晰明了，组织结构周密，这帮助我在整个学习过程中保持专注和自信。,[],0
1107,这些讲解很好地平衡了理论与实践，使学习材料既有趣又实用。,1,0,1,0,0,1,0,0,1,1,这些讲解很好地平衡了理论与实践，使学习材料既有趣又实用。,[],0
1108,课程内容全面，循序渐进地帮助学生建立对该学科的扎实理解。,2,0,1,0,0,1,0,0,1,1,课程内容全面，循序渐进地帮助学生建立对该学科的扎实理解。,[],0
1109,我非常欣赏学习材料清晰、逻辑严谨的呈现方式，使复杂的概念更容易理解。,2,0,1,0,0,1,0,0,1,1,我非常欣赏学习材料清晰、逻辑严谨的呈现方式，使复杂的概念更容易理解。,[],0
1110,这些材料既足够详细，能够帮助读者建立理解，又能满足不同水平学习者的需求。,2,0,1,0,0,1,0,0,1,1,这些材料既足够详细，能够帮助读者建立理解，又能满足不同水平学习者的需求。,[],0
1111,我发现学习资料实用且解释得很清楚，这有助于巩固关键概念。,1,0,1,0,0,1,0,0,1,1,我发现学习资料实用且解释得很清楚，这有助于巩固关键概念。,[],0
1112,学习材料的结构便于学生反复学习各个主题，并随着时间的推移加深理解。,2,0,1,0,0,1,0,0,1,1,学习材料的结构便于学生反复学习各个主题，并随着时间的推移加深理解。,[],0
1113,解释清晰明了，提供了足够的背景信息，不仅能理解事物是如何运作的，还能理解为什么。,1,0,1,0,0,1,0,0,1,1,解释清晰明了，提供了足够的背景信息，不仅能理解事物是如何运作的，还能理解为什么。,[],0
1114,学习材料的设计似乎很用心，旨在支持循序渐进、自信地学习。,2,0,1,0,0,1,0,0,1,1,学习材料的设计似乎很用心，旨在支持循序渐进、自信地学习。,[],0
1115,我喜欢课程材料引导学习者从基本概念到更高级概念的流畅过渡方式。,2,0,1,0,0,1,0,0,1,1,我喜欢课程材料引导学习者从基本概念到更高级概念的流畅过渡方式。,[],0
1116,学习资料的深度让我感到自信，相信自己正在打下坚实的基础。,2,0,1,0,0,1,0,0,1,1,学习资料的深度让我感到自信，相信自己正在打下坚实的基础。,[],0
1117,我很欣赏讲解的清晰性，这让学习感觉有条不紊，而不是令人不知所措。,1,0,1,0,0,1,0,0,1,1,我很欣赏讲解的清晰性，这让学习感觉有条不紊，而不是令人不知所措。,[],0
1118,教材节奏安排合理，让学生有时间消化概念后再继续学习。,2,0,1,0,0,1,0,0,1,1,教材节奏安排合理，让学生有时间消化概念后再继续学习。,[],0
1119,我发现学习内容引人入胜，对理解理论和应用都很有帮助。,1,0,1,0,0,1,0,0,1,1,我发现学习内容引人入胜，对理解理论和应用都很有帮助。,[],0
1120,教材的结构方式鼓励持续学习和反思。,2,0,1,0,0,1,0,0,1,1,教材的结构方式鼓励持续学习和反思。,[],0
1121,课程材料感觉可靠且准备充分，这有助于建立对学习过程的信任。,2,0,1,0,0,1,0,0,1,1,课程材料感觉可靠且准备充分，这有助于建立对学习过程的信任。,[],0
1122,我喜欢这种既详细又不失清晰易懂的解释方式。,1,0,1,0,0,1,0,0,1,1,我喜欢这种既详细又不失清晰易懂的解释方式。,[],0
1123,学习资料帮助我将各种概念逻辑清晰、意义明确地联系起来。,2,0,1,0,0,1,0,0,1,1,学习资料帮助我将各种概念逻辑清晰、意义明确地联系起来。,[],0
1124,总体而言，内容清晰明了，有助于获得积极的学习体验。,2,0,1,0,0,1,0,0,1,1,总体而言，内容清晰明了，有助于获得积极的学习体验。,[],0
1125,我觉得这些解释可靠且易于理解。,1,0,0,0,0,1,0,0,1,1,我觉得这些解释可靠且易于理解。,[],0
1126,课程材料有助于有效加深理解。,2,0,0,0,0,1,0,0,1,1,课程材料有助于有效加深理解。,[],0
1127,总的来说，学习资料带来了积极的体验，增强了自信心🙂,2,0,0,0,0,1,0,0,1,1,总的来说，学习资料带来了积极的体验，增强了自信心,['🙂'],1
1128,学习资料感觉结构混乱且过时，导致难以顺利理解概念，降低了我对这门课程的整体信心。,2,0,0,0,0,0,1,0,0,0,学习资料感觉结构混乱且过时，导致难以顺利理解概念，降低了我对这门课程的整体信心。,[],0
1129,我发现有些解释令人困惑，因为学习材料中的重要细节被省略了，或者没有清晰地联系起来。,1,0,0,0,0,0,1,0,0,0,我发现有些解释令人困惑，因为学习材料中的重要细节被省略了，或者没有清晰地联系起来。,[],0
1130,我认为这些学习材料作为入门教材还不错，但补充一些参考资料可能会有所帮助。,2,0,0,0,0,1,0,0,1,1,我认为这些学习材料作为入门教材还不错，但补充一些参考资料可能会有所帮助。,[],0
1131,解释通俗易懂，但有些例子可以进一步展开。,1,0,0,0,0,1,0,0,1,1,解释通俗易懂，但有些例子可以进一步展开。,[],0
1132,学习材料在理论和解释之间保持了平衡，没有过于偏向任何一方。,2,0,0,0,0,1,0,0,1,1,学习材料在理论和解释之间保持了平衡，没有过于偏向任何一方。,[],0
1133,大部分内容我都能理解，不过有几部分需要反复阅读。,2,0,0,0,0,1,0,0,1,1,大部分内容我都能理解，不过有几部分需要反复阅读。,[],0
1134,虽然没有深入探讨所有细节，但材料对核心思想的解释还是相当充分的。,2,0,0,0,0,1,0,0,1,1,虽然没有深入探讨所有细节，但材料对核心思想的解释还是相当充分的。,[],0
1135,学习内容感觉很有启发性，但并不特别吸引人或令人困惑。,2,0,0,0,0,1,0,0,1,1,学习内容感觉很有启发性，但并不特别吸引人或令人困惑。,[],0
1136,课程材料的组织结构相当不错，不过如果重新排序一下，可能会更清晰易懂。,2,0,0,0,0,1,0,0,1,1,课程材料的组织结构相当不错，不过如果重新排序一下，可能会更清晰易懂。,[],0
1137,我觉得学习资料足以理解基础知识，但不够全面。,2,0,0,0,0,1,0,0,1,1,我觉得学习资料足以理解基础知识，但不够全面。,[],0
1138,解释很简单明了，即使有时假设读者事先已有所了解。,1,0,0,0,0,1,0,0,1,1,解释很简单明了，即使有时假设读者事先已有所了解。,[],0
1139,内容语气较为中立，更侧重于解释而非说服。,2,0,0,0,0,1,0,0,1,1,内容语气较为中立，更侧重于解释而非说服。,[],0
1140,我认为学习材料已经足够清晰地传达了主要概念。,2,0,0,0,0,1,0,0,1,1,我认为学习材料已经足够清晰地传达了主要概念。,[],0
1141,这些解释尚可接受，但有些概念如果能提供更多背景信息会更好。,1,0,0,0,0,1,0,0,1,1,这些解释尚可接受，但有些概念如果能提供更多背景信息会更好。,[],0
1142,课程内容提供了稳定的基础，但没有涵盖很多特殊情况。,2,0,0,0,0,1,0,0,1,1,课程内容提供了稳定的基础，但没有涵盖很多特殊情况。,[],0
1143,我觉得学习材料还可以接受，虽然没什么特别令人印象深刻的地方。,2,0,0,0,0,1,0,0,1,1,我觉得学习材料还可以接受，虽然没什么特别令人印象深刻的地方。,[],0
1144,材料对主题的阐述尚可，但并无特别突出之处。,2,0,0,0,0,1,0,0,1,1,材料对主题的阐述尚可，但并无特别突出之处。,[],0
1145,学习材料的风格感觉很一致，尽管有些章节比其他章节更详细。,2,0,0,0,0,1,0,0,1,1,学习材料的风格感觉很一致，尽管有些章节比其他章节更详细。,[],0
1146,我能听懂课程内容，但感觉有些解释过于简略。,2,0,0,0,0,1,0,0,1,1,我能听懂课程内容，但感觉有些解释过于简略。,[],0
1147,内容阐述观点清晰明了，但部分例子略显不足。,2,0,0,0,0,1,0,0,1,1,内容阐述观点清晰明了，但部分例子略显不足。,[],0
1148,学习材料结构逻辑清晰，解释方面略有不足。,2,0,0,0,0,1,0,0,1,1,学习材料结构逻辑清晰，解释方面略有不足。,[],0
1149,我认为这些材料适合愿意独立复习概念的学习者。,2,0,0,0,0,1,0,0,1,1,我认为这些材料适合愿意独立复习概念的学习者。,[],0
1150,解释内容保持中立，侧重于信息传递。,1,0,0,0,0,1,0,0,1,1,解释内容保持中立，侧重于信息传递。,[],0
1151,内容感觉比较稳定，信息量丰富，但缺乏强烈的情感冲击。,2,0,0,0,0,1,0,0,1,1,内容感觉比较稳定，信息量丰富，但缺乏强烈的情感冲击。,[],0
1152,我觉得学习资料还可以，但清晰度参差不齐。,2,0,0,0,0,1,0,0,1,1,我觉得学习资料还可以，但清晰度参差不齐。,[],0
1153,这些解释提供了大致的理解，但要获得更深入的见解可能需要练习。,1,0,0,0,0,1,0,0,1,1,这些解释提供了大致的理解，但要获得更深入的见解可能需要练习。,[],0
1154,即使学习材料有时让人感觉不那么有趣，但它仍然支持循序渐进的学习。,2,0,0,0,0,1,0,0,1,1,即使学习材料有时让人感觉不那么有趣，但它仍然支持循序渐进的学习。,[],0
1155,我认为内容对基本原理的解释足够充分，后续还可以进行更详细的说明。,2,0,0,0,0,1,0,0,1,1,我认为内容对基本原理的解释足够充分，后续还可以进行更详细的说明。,[],0
1156,教材结构清晰，但有些课程内容似乎比较精简。,2,0,0,0,0,1,0,0,1,1,教材结构清晰，但有些课程内容似乎比较精简。,[],0
1157,我能够跟上学习材料，但感觉有些概念介绍得比较简略。,2,0,0,0,0,1,0,0,1,1,我能够跟上学习材料，但感觉有些概念介绍得比较简略。,[],0
1158,解释总体上易于理解，但并非总是详尽的。,1,0,0,0,0,1,0,0,1,1,解释总体上易于理解，但并非总是详尽的。,[],0
1159,学习内容的呈现方式感觉中立且具有指导性。,2,0,0,0,0,1,0,0,1,1,学习内容的呈现方式感觉中立且具有指导性。,[],0
1160,我发现这些资料对了解情况很有帮助，但还需要进一步探索。,2,0,0,0,0,1,0,0,1,1,我发现这些资料对了解情况很有帮助，但还需要进一步探索。,[],0
1161,学习材料对主题的讲解足够清晰，便于跟上。,2,0,0,0,0,1,0,0,1,1,学习材料对主题的讲解足够清晰，便于跟上。,[],0
1162,有些章节比其他章节更清晰，但总体而言，材料还是可以理解的😶。,2,0,0,0,0,1,0,0,1,1,有些章节比其他章节更清晰，但总体而言，材料还是可以理解的。,['😶'],1
1163,解释概述了主要概念，即使没有涵盖所有细节。,1,0,0,0,0,1,0,0,1,1,解释概述了主要概念，即使没有涵盖所有细节。,[],0
1164,学习材料以简洁明了的方式呈现，没有不必要的复杂性。,2,0,0,0,0,1,0,0,1,1,学习材料以简洁明了的方式呈现，没有不必要的复杂性。,[],0
1165,我认为课程内容足以帮助理解课程方向。,2,0,0,0,0,1,0,0,1,1,我认为课程内容足以帮助理解课程方向。,[],0
1166,虽然内容颇具启发性，但有时缺乏生动的阐释。,2,0,0,0,0,1,0,0,1,1,虽然内容颇具启发性，但有时缺乏生动的阐释。,[],0
1167,尽管偶尔会遇到一些含糊不清的地方，但我还是能够跟上学习进度。,2,0,0,0,0,1,0,0,1,1,尽管偶尔会遇到一些含糊不清的地方，但我还是能够跟上学习进度。,[],0
1168,虽然有些例子略显不足，但解释传达了基本概念。,1,0,0,0,0,1,0,0,1,1,虽然有些例子略显不足，但解释传达了基本概念。,[],0
1169,学习内容实用，不会造成太大困惑。,2,0,0,0,0,1,0,0,1,1,学习内容实用，不会造成太大困惑。,[],0
1170,我觉得这些材料总体上比较容易理解，只有少数部分需要解释清楚。,2,0,0,0,0,1,0,0,1,1,我觉得这些材料总体上比较容易理解，只有少数部分需要解释清楚。,[],0
1171,课程内容保持了一致的讲解水平。,2,0,0,0,0,1,0,0,1,1,课程内容保持了一致的讲解水平。,[],0
1172,学习资料对该主题进行了合理的概述。,2,0,0,0,0,1,0,0,1,1,学习资料对该主题进行了合理的概述。,[],0
1173,我觉得这些解释比较中立，侧重于信息传递。,1,0,0,0,0,1,0,0,1,1,我觉得这些解释比较中立，侧重于信息传递。,[],0
1174,内容支持以稳定的节奏进行学习。,2,0,0,0,0,1,0,0,1,1,内容支持以稳定的节奏进行学习。,[],0
1175,学习材料通俗易懂，但解释不够深入。,2,0,0,0,0,1,0,0,1,1,学习材料通俗易懂，但解释不够深入。,[],0
1176,我能够比较轻松地跟上课程进度。,2,0,0,0,0,1,0,0,1,1,我能够比较轻松地跟上课程进度。,[],0
1177,学习内容感觉均衡且连贯。,2,0,0,0,0,1,0,0,1,1,学习内容感觉均衡且连贯。,[],0
1178,我认为这些材料适合一般理解。,2,0,0,0,0,1,0,0,1,1,我认为这些材料适合一般理解。,[],0
1179,这些解释足以清晰地传达观点。,1,0,0,0,0,1,0,0,1,1,这些解释足以清晰地传达观点。,[],0
1180,学习资料内容丰富，但又不至于过于详细。,2,0,0,0,0,1,0,0,1,1,学习资料内容丰富，但又不至于过于详细。,[],0
1181,课程内容旨在提供对该主题的基本理解。,2,0,0,0,0,1,0,0,1,1,课程内容旨在提供对该主题的基本理解。,[],0
1182,我发现学习资料很容易理解，偶尔需要一些解释。,2,0,0,0,0,1,0,0,1,1,我发现学习资料很容易理解，偶尔需要一些解释。,[],0
1183,解释客观中立，直截了当。,1,0,0,0,0,1,0,0,1,1,解释客观中立，直截了当。,[],0
1184,学习资料有些部分感觉很清晰，而有些部分则需要更多努力才能理解😮‍💨。,2,0,0,0,0,1,0,0,1,1,学习资料有些部分感觉很清晰，而有些部分则需要更多努力才能理解。,['😮\u200d💨'],1
1185,内容以逻辑的方式阐述概念，但并非总是深入浅出。,2,0,0,0,0,1,0,0,1,1,内容以逻辑的方式阐述概念，但并非总是深入浅出。,[],0
1186,我认为这些解释足以让人理解。,1,0,0,0,0,1,0,0,1,1,我认为这些解释足以让人理解。,[],0
1187,学习内容感觉中立且具有指导意义。,2,0,0,0,0,1,0,0,1,1,学习内容感觉中立且具有指导意义。,[],0
1188,这些材料有助于对相关主题建立总体理解。,2,0,0,0,0,1,0,0,1,1,这些材料有助于对相关主题建立总体理解。,[],0
1189,解释虽然有时简短，但都易于理解。,1,0,0,0,0,1,0,0,1,1,解释虽然有时简短，但都易于理解。,[],0
1190,学习资料清晰易懂，足以顺利完成课程。,2,0,0,0,0,1,0,0,1,1,学习资料清晰易懂，足以顺利完成课程。,[],0
1191,我觉得内容还可以，只是有些部分比其他部分更清晰。,2,0,0,0,0,1,0,0,1,1,我觉得内容还可以，只是有些部分比其他部分更清晰。,[],0
1192,这些解释提供了对该主题的总体概述。,1,0,0,0,0,1,0,0,1,1,这些解释提供了对该主题的总体概述。,[],0
1193,学习材料的语气和结构感觉很一致。,2,0,0,0,0,1,0,0,1,1,学习材料的语气和结构感觉很一致。,[],0
1194,我认为这些内容可以作为基础参考资料。,2,0,0,0,0,1,0,0,1,1,我认为这些内容可以作为基础参考资料。,[],0
1195,这些解释清晰地概括了主要观点。,1,0,0,0,0,1,0,0,1,1,这些解释清晰地概括了主要观点。,[],0
1196,学习材料整体感觉中立且信息丰富。,2,0,0,0,0,1,0,0,1,1,学习材料整体感觉中立且信息丰富。,[],0
1197,老师在问答环节回复非常及时，通常会提供清晰的答案，帮助学生顺利学习🙂。,3,0,0,0,0,1,0,0,1,1,老师在问答环节回复非常及时，通常会提供清晰的答案，帮助学生顺利学习。,['🙂'],1
1198,我很欣赏老师们能迅速解答我的问题，这让学习过程充满支持感。,3,0,0,0,0,1,0,0,1,1,我很欣赏老师们能迅速解答我的问题，这让学习过程充满支持感。,[],0
1199,讲师通常会在几小时内回复，这建立了学员对课程支持的信任和信心。,3,0,0,0,0,1,0,0,0,1,讲师通常会在几小时内回复，这建立了学员对课程支持的信任和信心。,[],0
1200,我的大部分问题都得到了清晰礼貌的回答，这让交流过程令人感到鼓舞。,3,0,0,0,0,1,0,0,0,1,我的大部分问题都得到了清晰礼貌的回答，这让交流过程令人感到鼓舞。,[],0
1201,我觉得问答环节很有帮助，因为老师会积极回答学生的问题。,3,0,0,0,0,1,0,0,0,1,我觉得问答环节很有帮助，因为老师会积极回答学生的问题。,[],0
1202,讨论区的回复通常都很清晰明了，切中要点。,3,0,0,0,0,1,0,0,0,1,讨论区的回复通常都很清晰明了，切中要点。,[],0
1203,得知老师会及时回复问题，我感到很安心。,3,0,0,0,0,1,0,0,0,1,得知老师会及时回复问题，我感到很安心。,[],0
1204,讲师在问答环节的参与，使课程更具互动性。,3,0,0,0,0,1,0,0,1,1,讲师在问答环节的参与，使课程更具互动性。,[],0
1205,我非常感谢你们对问题的一贯回复，这帮助我解开了许多疑惑。,3,0,0,0,0,1,0,0,0,1,我非常感谢你们对问题的一贯回复，这帮助我解开了许多疑惑。,[],0
1206,我喜欢老师在回复中清晰地解释解决方案的方式。,3,0,0,0,0,1,0,0,0,1,我喜欢老师在回复中清晰地解释解决方案的方式。,[],0
1207,互动方式专业且信息丰富。,3,0,0,0,0,1,0,0,0,1,互动方式专业且信息丰富。,[],0
1208,我觉得问答部分功能齐全，虽然有些答案并不详细。,3,0,0,0,0,1,0,0,0,1,我觉得问答部分功能齐全，虽然有些答案并不详细。,[],0
1209,讨论区的互动虽然存在，但有时很短暂。,3,0,0,0,0,1,0,0,0,1,讨论区的互动虽然存在，但有时很短暂。,[],0
1210,问题通常都能得到解答，但有些回复比较简短。,3,0,0,0,0,1,0,0,0,1,问题通常都能得到解答，但有些回复比较简短。,[],0
1211,我认为老师对大多数问题都给出了令人满意的解答。,3,0,0,0,0,1,0,0,0,1,我认为老师对大多数问题都给出了令人满意的解答。,[],0
1212,问答环节可在需要时提供基本说明。,3,0,0,0,0,1,0,0,0,1,问答环节可在需要时提供基本说明。,[],0
1213,与老师的互动感觉比较中立，信息量也比较少。,3,0,0,0,0,1,0,0,0,1,与老师的互动感觉比较中立，信息量也比较少。,[],0
1214,我收到了回复，虽然并非总是立即回复。,3,0,0,0,0,0,0,0,0,2,我收到了回复，虽然并非总是立即回复。,[],0
1215,我发现老师的回答有时令人沮丧。,3,1,0,0,0,0,1,0,0,0,我发现老师的回答有时令人沮丧。,[],0
1216,一些问题仍未得到解答，这影响了人们对支持的信心。,3,0,0,0,0,0,1,0,0,0,一些问题仍未得到解答，这影响了人们对支持的信心。,[],0
1217,讨论中的回复有时感觉像是辩解。,3,1,0,1,0,0,1,0,0,0,讨论中的回复有时感觉像是辩解。,[],0
1218,我对某些问题的处理方式感到失望。,3,1,0,0,0,0,1,0,0,0,我对某些问题的处理方式感到失望。,[],0
1219,问答环节的互动有时会让人感觉被轻视。,3,1,0,1,0,0,1,0,0,0,问答环节的互动有时会让人感觉被轻视。,[],0
1220,有些回复缺乏耐心和清晰度。,3,1,0,0,0,0,1,0,0,0,有些回复缺乏耐心和清晰度。,[],0
